station_id,date,cwa_temp_mean,cwa_temp_max,cwa_temp_min,cwa_rh_mean,cwa_rh_min,cwa_wind_speed_mean,cwa_wind_dir_prevailing,cwa_peak_gust,cwa_rain_sum_raw,cwa_rain_sum,cwa_precip_duration,cwa_sunshine_hours,cwa_sunshine_rate,cwa_global_solar_radiation_mj_m2,cwa_global_solar_hourly_max,cwa_visibility,cwa_total_cloud_amount,temp_mean_flag,rh_mean_flag,rain_sum_flag,sunshine_flag,solar_flag
467441,2025-01-01,18.5,22.5,16.1,75,62,0.5,330,4.1,-9.8,0.0,1.2,0.1,0.9,6.92,1.47,,,0,0,0,10,0
467441,2025-01-02,17.7,19.2,16.8,93,88,0.7,340,4.9,4.0,4.0,5.9,0.0,0.0,4.55,0.91,,,0,0,0,10,0
467441,2025-01-03,17.7,20.5,14.3,80,66,0.6,340,4.7,0.5,0.5,1.6,0.2,1.9,8.25,1.3,,,0,0,0,10,0
467441,2025-01-04,17.2,23.7,12.5,84,56,0.8,300,5.4,0.0,0.0,0.0,9.3,86.5,15.66,2.54,,,0,0,0,10,0
467441,2025-01-05,18.4,24.9,14.1,84,48,0.7,340,5.5,0.0,0.0,0.0,1.6,14.9,10.71,1.98,,,0,0,0,10,0
467441,2025-01-06,18.1,25.0,13.8,77,47,0.7,340,5.2,0.0,0.0,0.0,9.8,91.1,16.97,2.65,,,0,0,0,10,0
467441,2025-01-07,16.7,22.0,11.7,79,55,0.7,270,6.1,0.0,0.0,0.0,4.1,37.7,10.75,2.23,,,0,0,0,10,0
467441,2025-01-08,18.1,24.1,13.7,75,48,0.6,340,5.5,0.0,0.0,0.0,6.3,58.4,13.75,2.21,,,0,0,0,10,0
467441,2025-01-09,17.9,23.5,14.4,73,53,0.7,340,4.9,-9.8,0.0,0.1,3.1,28.7,11.18,1.91,,,0,0,0,10,0
467441,2025-01-10,15.5,21.0,12.3,65,50,1.0,340,6.2,-9.8,0.0,2.8,6.8,63.0,14.25,2.33,,,0,0,0,10,0
467441,2025-01-11,15.5,21.3,12.2,70,51,0.9,340,5.4,-9.8,0.0,0.1,4.7,43.1,13.48,2.63,,,0,0,0,10,0
467441,2025-01-12,15.5,21.5,10.8,59,38,0.8,340,5.7,0.0,0.0,0.0,8.9,82.3,16.78,2.64,,,2,0,2,10,0
467441,2025-01-13,15.0,21.8,8.1,67,45,0.8,260,5.7,0.0,0.0,0.0,8.2,75.7,16.57,2.67,,,0,0,0,10,0
467441,2025-01-14,17.3,22.3,13.6,76,49,0.7,350,5.0,1.5,1.5,3.5,0.0,0.0,7.44,1.32,,,0,0,0,10,0
467441,2025-01-15,16.0,19.9,13.7,85,72,0.9,340,5.8,2.0,2.0,3.4,0.1,0.9,7.36,1.35,,,0,0,0,10,0
467441,2025-01-16,14.9,20.5,10.9,74,60,0.7,350,5.3,0.0,0.0,0.0,5.6,51.6,14.03,2.61,,,0,0,0,10,0
467441,2025-01-17,15.4,21.2,10.2,74,54,0.9,280,6.3,0.0,0.0,0.0,9.6,88.3,17.27,2.8,,,0,0,0,10,0
467441,2025-01-18,16.5,20.8,12.7,77,54,0.4,350,4.4,0.5,0.5,3.0,0.9,8.2,9.16,1.72,,,0,0,0,10,0
467441,2025-01-19,18.2,24.0,14.2,78,56,0.8,340,5.3,0.0,0.0,0.0,3.9,35.5,13.31,2.14,,,0,0,0,10,0
467441,2025-01-20,18.1,24.1,12.8,77,57,0.9,300,6.9,0.0,0.0,0.0,8.2,75.2,16.88,2.7,,,0,0,0,10,0
467441,2025-01-21,18.6,23.6,12.9,77,60,1.0,290,6.5,0.0,0.0,0.0,8.9,81.5,16.74,2.66,,,0,0,0,10,0
467441,2025-01-22,19.5,24.7,16.1,76,55,0.7,330,5.4,-9.8,0.0,0.1,2.3,21.0,10.19,1.57,,,0,0,0,10,0
467441,2025-01-23,20.1,25.8,16.1,75,44,0.6,350,6.0,0.0,0.0,0.0,9.8,89.5,17.66,2.71,,,0,0,0,10,0
467441,2025-01-24,19.2,25.3,14.2,80,57,1.0,290,6.4,0.0,0.0,0.0,10.2,93.0,17.86,2.76,,,0,0,0,10,0
467441,2025-01-25,19.4,24.2,16.3,84,65,1.0,290,6.7,0.0,0.0,0.0,8.2,74.7,17.06,2.74,,,0,0,0,10,0
467441,2025-01-26,18.5,24.2,14.7,77,59,1.3,340,9.0,0.0,0.0,0.0,7.1,64.6,16.45,2.67,,,0,0,0,10,0
467441,2025-01-27,13.5,15.5,10.2,70,61,1.1,340,7.8,0.0,0.0,0.0,0.0,0.0,5.2,1.07,,,0,0,0,10,0
467441,2025-01-28,14.4,20.8,8.2,60,42,0.8,340,6.1,0.0,0.0,0.0,4.6,41.7,13.56,2.11,,,0,0,0,10,0
467441,2025-01-29,15.7,21.5,11.6,66,46,0.9,280,6.2,0.0,0.0,0.0,7.7,69.2,17.22,2.82,,,0,0,0,10,0
467441,2025-01-30,17.4,23.7,11.9,71,43,0.8,300,6.6,0.0,0.0,0.0,9.9,89.5,18.7,2.86,,,0,0,0,10,0
467441,2025-01-31,18.5,23.2,15.5,82,64,0.6,280,4.9,4.0,4.0,3.0,2.4,21.5,10.81,1.9,,,0,0,0,10,0
467441,2025-02-01,20.8,27.2,16.8,86,69,1.2,320,7.0,9.0,9.0,4.3,4.2,37.6,14.8,2.63,,,0,0,0,10,0
467441,2025-02-02,19.5,23.7,16.9,85,71,0.8,340,5.2,-9.8,0.0,0.4,1.2,10.8,11.4,2.64,,,0,0,0,10,0
467441,2025-02-03,16.5,21.6,12.8,82,65,1.0,340,7.3,0.0,0.0,0.0,2.3,20.7,11.69,2.41,,,0,0,0,10,0
467441,2025-02-04,14.6,19.6,12.4,71,57,0.9,340,6.2,0.0,0.0,0.0,2.3,20.6,13.02,2.58,,,0,0,0,10,0
467441,2025-02-05,15.6,21.5,9.6,74,50,0.8,300,6.6,0.0,0.0,0.0,4.5,40.3,14.18,2.36,,,0,0,0,10,0
467441,2025-02-06,17.4,22.5,12.0,75,51,0.7,300,6.2,0.0,0.0,0.0,1.2,10.7,11.44,2.2,,,0,0,0,10,0
467441,2025-02-07,17.1,23.3,13.4,77,58,1.0,340,7.0,0.0,0.0,0.0,4.5,40.2,15.38,2.67,,,0,0,0,10,0
467441,2025-02-08,14.1,19.2,11.1,68,57,0.9,340,6.3,0.0,0.0,0.0,0.1,0.9,8.58,1.73,,,0,0,0,10,0
467441,2025-02-09,14.5,19.9,10.6,73,55,1.1,290,6.2,0.0,0.0,0.0,4.1,36.5,14.27,2.53,,,0,0,0,10,0
467441,2025-02-10,15.8,22.8,9.6,76,46,0.8,300,6.9,0.0,0.0,0.0,10.4,92.4,20.11,2.93,,,0,0,0,10,0
467441,2025-02-11,18.0,24.5,12.1,81,51,0.9,280,6.0,-9.8,0.0,0.6,3.7,32.6,15.18,2.78,,,0,0,0,10,0
467441,2025-02-12,18.1,19.4,16.6,97,91,0.5,340,5.4,21.0,21.0,11.8,0.0,0.0,2.68,0.38,,,0,0,0,10,0
467441,2025-02-13,17.3,20.5,15.3,96,94,0.9,330,8.7,17.0,17.0,10.8,0.0,0.0,3.46,0.82,,,0,0,0,10,0
467441,2025-02-14,16.9,20.0,14.9,93,83,0.6,330,4.6,1.0,1.0,2.0,0.0,0.0,5.94,1.31,,,0,0,0,10,0
467441,2025-02-15,19.5,25.8,15.5,88,63,1.0,290,6.0,0.0,0.0,0.0,8.2,72.3,19.31,3.09,,,0,0,0,10,0
467441,2025-02-16,19.3,26.2,15.9,88,54,0.9,340,5.2,0.0,0.0,0.0,8.3,73.0,19.81,3.15,,,0,0,0,10,0
467441,2025-02-17,19.4,23.4,15.8,87,69,1.1,280,7.6,0.0,0.0,0.0,5.8,50.9,17.49,3.03,,,0,0,0,10,0
467441,2025-02-18,19.0,24.2,15.4,80,62,1.2,290,6.3,0.0,0.0,0.0,8.0,70.1,17.88,2.79,,,0,0,0,10,0
467441,2025-02-19,18.0,23.1,14.8,79,59,0.9,320,7.7,0.0,0.0,0.0,3.8,33.0,14.32,3.01,,,0,0,0,10,0
467441,2025-02-20,18.8,23.7,16.0,82,64,1.1,290,6.5,0.0,0.0,0.0,5.6,48.9,17.75,3.02,,,0,0,0,10,0
467441,2025-02-21,18.9,25.0,15.5,80,56,1.0,340,5.9,0.0,0.0,0.0,8.2,71.5,18.95,3.0,,,0,0,0,10,0
467441,2025-02-22,18.2,23.1,13.7,80,62,1.2,280,6.8,0.0,0.0,0.0,8.5,74.0,19.43,3.04,,,0,0,0,10,0
467441,2025-02-23,18.5,25.1,15.4,78,57,1.0,340,6.6,0.0,0.0,0.0,6.0,52.1,17.43,2.86,,,0,0,0,10,0
467441,2025-02-24,17.5,23.2,14.5,72,54,1.0,320,8.6,0.0,0.0,0.0,5.6,48.6,19.22,3.09,,,0,0,0,10,0
467441,2025-02-25,17.9,23.2,13.2,73,55,1.2,300,8.5,0.0,0.0,0.0,10.3,89.2,20.7,3.07,,,0,0,0,10,0
467441,2025-02-26,18.8,23.6,15.0,79,55,0.9,300,5.3,0.0,0.0,0.0,1.9,16.4,14.44,2.87,,,0,0,0,10,0
467441,2025-02-27,19.5,24.9,16.0,81,58,0.7,320,6.0,0.0,0.0,0.0,4.0,34.5,14.75,2.35,,,0,0,0,10,0
467441,2025-02-28,20.9,28.2,15.4,80,50,1.0,270,6.5,0.0,0.0,0.0,8.9,76.6,19.56,2.86,,,0,0,0,10,0
467441,2025-03-01,22.1,28.6,17.2,79,47,0.9,280,6.3,0.0,0.0,0.0,10.5,90.2,22.19,3.21,,,0,0,0,10,0
467441,2025-03-02,24.4,30.0,17.9,77,53,1.4,260,6.5,0.0,0.0,0.0,9.8,84.1,20.4,3.04,,,0,0,0,10,0
467441,2025-03-03,26.4,30.9,22.8,79,59,1.6,140,7.8,0.0,0.0,0.0,6.7,57.4,16.83,2.34,,,0,0,0,10,0
467441,2025-03-04,24.9,30.0,20.7,85,63,1.2,200,10.3,4.0,4.0,0.8,6.5,55.5,18.96,3.18,,,0,0,0,10,0
467441,2025-03-05,23.8,30.7,19.6,78,55,0.9,330,6.6,0.0,0.0,0.0,9.9,84.4,21.77,3.2,,,0,0,0,10,0
467441,2025-03-06,18.0,21.3,15.2,82,70,0.9,350,6.9,-9.8,0.0,0.1,0.2,1.7,8.55,1.53,,,0,0,0,10,0
467441,2025-03-07,18.4,23.2,15.1,77,61,1.1,330,6.6,0.0,0.0,0.0,3.1,26.3,12.38,2.15,,,0,0,0,10,0
467441,2025-03-08,18.9,27.3,14.8,75,47,1.0,350,7.8,0.0,0.0,0.0,9.6,81.4,21.4,3.26,,,0,0,0,10,0
467441,2025-03-09,19.8,28.1,14.1,76,44,1.0,310,6.8,0.0,0.0,0.0,10.7,90.6,22.41,3.25,,,0,0,0,10,0
467441,2025-03-10,20.3,26.5,15.2,81,57,1.0,300,7.8,0.0,0.0,0.0,9.8,82.8,21.97,3.19,,,0,0,0,10,0
467441,2025-03-11,23.1,31.2,17.2,74,43,0.7,320,7.1,0.0,0.0,0.0,9.0,75.9,21.37,3.28,,,0,0,0,10,0
467441,2025-03-12,25.2,31.3,18.9,73,48,1.1,300,6.6,0.0,0.0,0.0,7.4,62.3,21.23,3.33,,,0,0,0,10,0
467441,2025-03-13,26.7,32.1,23.1,78,56,1.0,270,8.0,-9.8,0.0,0.9,4.8,40.3,16.27,2.79,,,0,0,0,10,0
467441,2025-03-14,25.6,30.0,22.5,83,67,0.9,270,5.7,0.0,0.0,0.0,2.4,20.1,13.59,2.13,,,0,0,0,10,0
467441,2025-03-15,25.2,30.3,21.3,79,65,1.3,320,9.1,0.0,0.0,0.0,6.5,54.0,19.8,3.18,,,0,0,0,10,0
467441,2025-03-16,17.8,21.9,14.2,69,52,1.1,350,7.0,-9.8,0.0,1.4,2.5,20.7,12.21,2.07,,,0,0,0,10,0
467441,2025-03-17,15.5,19.0,13.8,68,57,0.5,360,5.3,-9.8,0.0,0.3,0.1,0.8,5.91,1.68,,,0,0,0,10,0
467441,2025-03-18,14.7,16.4,12.9,88,68,0.4,360,6.3,5.0,5.0,5.4,0.0,0.0,2.95,0.55,,,0,0,0,10,0
467441,2025-03-19,17.2,21.3,14.6,73,42,0.5,330,4.6,0.0,0.0,0.0,0.2,1.7,8.52,1.89,,,0,0,0,10,0
467441,2025-03-20,18.0,24.4,14.0,70,39,0.5,330,6.0,0.0,0.0,0.0,3.4,28.2,14.24,3.18,,,0,0,0,10,0
467441,2025-03-21,18.3,25.2,12.5,66,32,0.9,300,6.8,0.0,0.0,0.0,7.7,63.7,20.37,2.93,,,0,0,0,10,0
467441,2025-03-22,18.9,25.7,12.8,66,38,1.2,290,7.8,0.0,0.0,0.0,11.1,91.7,24.72,3.49,,,0,0,0,10,0
467441,2025-03-23,20.0,26.9,14.1,66,36,1.1,290,7.6,0.0,0.0,0.0,11.2,92.4,24.9,3.5,,,0,0,0,10,0
467441,2025-03-24,21.1,27.1,14.6,74,53,1.2,270,8.1,0.0,0.0,0.0,11.3,93.0,24.69,3.48,,,0,0,0,10,0
467441,2025-03-25,22.7,29.6,16.8,78,25,1.2,260,6.9,0.0,0.0,0.0,11.4,93.7,24.67,3.47,,,0,0,0,10,0
467441,2025-03-26,25.2,30.9,19.2,77,57,1.4,260,7.3,0.0,0.0,0.0,11.1,91.0,25.14,3.51,,,0,0,0,10,0
467441,2025-03-27,25.6,31.5,21.0,80,55,1.5,260,8.0,0.0,0.0,0.0,11.4,93.3,25.47,3.54,,,0,0,0,10,0
467441,2025-03-28,25.1,31.7,20.6,73,49,1.4,290,8.5,0.0,0.0,0.0,9.1,74.3,24.22,3.4,,,0,0,0,10,0
467441,2025-03-29,21.7,28.0,17.6,68,52,1.3,10,6.7,0.0,0.0,0.0,6.7,54.6,20.41,3.35,,,0,0,0,10,0
467441,2025-03-30,19.7,26.6,16.1,70,51,1.1,340,6.7,-9.8,0.0,0.1,2.8,22.8,16.87,3.15,,,0,0,0,10,0
467441,2025-03-31,19.0,23.7,15.8,75,59,0.6,360,5.5,-9.8,0.0,0.2,1.5,12.2,11.77,2.49,,,0,0,0,10,0
467441,2025-04-01,19.1,25.1,16.0,72,51,1.0,340,6.6,0.0,0.0,0.0,2.5,20.3,15.09,2.95,,,0,0,0,10,0
467441,2025-04-02,18.8,24.8,15.7,71,50,0.8,300,6.6,0.0,0.0,0.0,2.3,18.6,12.05,2.98,,,0,0,0,10,0
467441,2025-04-03,20.8,24.9,18.5,74,60,0.6,260,4.2,-9.8,0.0,0.1,0.8,6.5,9.14,1.48,,,0,0,0,10,0
467441,2025-04-04,22.6,27.7,17.3,77,58,1.2,300,7.4,0.0,0.0,0.0,7.5,60.5,20.0,3.12,,,0,0,0,10,0
467441,2025-04-05,22.3,26.5,20.5,74,57,0.6,330,5.4,-9.8,0.0,0.1,1.8,14.4,10.29,1.76,,,0,0,0,10,0
467441,2025-04-06,23.3,29.8,19.9,74,51,1.0,290,7.7,0.0,0.0,0.0,3.8,30.5,17.42,3.22,,,0,0,0,10,0
467441,2025-04-07,24.6,30.2,20.8,74,55,1.2,280,7.2,0.0,0.0,0.0,6.6,53.0,20.48,3.17,,,0,0,0,10,0
467441,2025-04-08,25.5,30.4,21.1,69,52,1.3,300,8.4,0.0,0.0,0.0,9.3,73.8,22.78,3.14,,,0,0,0,10,0
467441,2025-04-09,25.5,30.9,20.5,73,52,1.1,280,7.4,0.0,0.0,0.0,6.0,48.0,18.89,2.81,,,0,0,0,10,0
467441,2025-04-10,25.5,29.7,22.0,78,57,1.3,300,7.4,0.0,0.0,0.0,4.0,31.9,15.01,2.28,,,0,0,0,10,0
467441,2025-04-11,26.5,30.7,20.4,73,59,1.6,250,7.4,-9.8,0.0,0.1,9.7,77.3,22.75,3.3,,,0,0,0,10,0
467441,2025-04-12,27.5,31.3,25.2,69,54,1.3,140,6.6,-9.8,0.0,0.1,1.9,15.1,13.31,2.32,,,0,0,0,10,0
467441,2025-04-13,19.7,26.6,18.1,81,63,0.7,350,10.2,3.0,3.0,2.9,0.0,0.0,3.56,0.6,,,0,0,0,10,0
467441,2025-04-14,21.9,28.5,16.9,68,29,1.1,290,7.9,0.0,0.0,0.0,9.0,71.3,26.02,3.78,,,0,0,0,10,0
467441,2025-04-15,23.5,32.9,15.5,56,17,1.0,280,7.6,0.0,0.0,0.0,11.3,89.4,27.35,3.72,,,0,0,0,10,0
467441,2025-04-16,23.9,30.3,17.7,70,48,1.3,270,8.0,0.0,0.0,0.0,11.0,86.9,25.59,3.57,,,0,0,0,10,0
467441,2025-04-17,26.3,34.0,19.0,72,39,1.3,260,10.3,0.0,0.0,0.0,8.6,67.8,23.65,3.31,,,0,0,0,10,0
467441,2025-04-18,27.4,31.6,23.9,76,49,1.5,290,8.1,0.0,0.0,0.0,7.8,61.4,23.46,3.76,,,0,0,0,10,0
467441,2025-04-19,27.0,31.3,24.0,81,60,1.6,260,7.6,0.0,0.0,0.0,5.2,40.5,18.47,2.82,,,0,0,0,10,0
467441,2025-04-20,27.2,32.6,23.1,79,57,1.4,310,8.8,0.0,0.0,0.0,9.3,73.0,24.78,3.61,,,0,0,0,10,0
467441,2025-04-21,27.1,32.7,22.9,81,58,1.4,290,7.5,0.0,0.0,0.0,8.0,62.7,23.7,3.62,,,0,0,0,10,0
467441,2025-04-22,26.2,32.2,21.2,82,59,1.4,290,7.4,0.0,0.0,0.0,12.1,94.7,27.91,3.74,,,0,0,0,10,0
467441,2025-04-23,26.8,32.5,22.1,80,53,1.5,300,8.1,0.0,0.0,0.0,6.7,52.3,22.37,3.72,,,0,0,0,10,0
467441,2025-04-24,27.4,31.9,23.8,79,57,1.6,260,7.9,0.0,0.0,0.0,8.4,65.5,24.19,3.65,,,0,0,0,10,0
467441,2025-04-25,27.0,32.4,22.1,74,57,1.4,290,7.6,0.0,0.0,0.0,10.5,81.8,24.62,3.54,,,0,0,0,10,0
467441,2025-04-26,25.7,31.0,21.0,74,54,0.9,300,5.7,0.0,0.0,0.0,3.5,27.2,17.0,3.16,,,0,0,0,10,0
467441,2025-04-27,26.2,31.9,21.3,75,50,1.4,260,7.7,0.0,0.0,0.0,11.7,90.8,25.88,3.48,,,0,0,0,10,0
467441,2025-04-28,25.6,30.3,22.4,81,61,1.0,310,9.1,1.0,1.0,1.4,3.0,23.3,16.81,2.57,,,0,0,0,10,0
467441,2025-04-29,26.1,30.9,21.3,71,49,1.7,260,9.3,0.0,0.0,0.0,11.6,89.8,26.73,3.58,,,0,0,0,10,0
467441,2025-04-30,25.7,31.4,21.5,75,53,1.4,290,8.4,0.0,0.0,0.0,9.9,76.5,24.05,3.55,,,0,0,0,10,0
467441,2025-05-01,26.6,33.6,21.2,71,48,1.4,300,9.1,0.0,0.0,0.0,11.0,84.9,25.99,3.62,,,0,0,0,10,0
467441,2025-05-02,27.0,32.5,21.6,69,45,1.3,300,8.2,0.0,0.0,0.0,10.6,81.7,26.4,3.54,,,0,0,0,10,0
467441,2025-05-03,28.8,35.1,23.5,66,44,1.2,300,7.5,0.0,0.0,0.0,6.5,50.0,22.93,3.64,,,0,0,0,10,0
467441,2025-05-04,28.8,34.0,24.8,71,51,1.1,280,6.7,0.0,0.0,0.0,7.7,59.2,23.04,3.63,,,0,0,0,10,0
467441,2025-05-05,28.9,34.3,24.5,75,52,1.9,260,9.6,0.0,0.0,0.0,10.3,79.0,24.87,3.57,,,0,0,0,10,0
467441,2025-05-06,28.3,32.6,25.0,79,60,1.9,300,7.4,0.0,0.0,0.0,8.1,62.1,24.59,3.6,,,0,0,0,10,0
467441,2025-05-07,28.4,33.2,25.6,80,59,1.5,300,7.6,-9.8,0.0,0.3,6.6,50.0,22.36,3.87,,,0,0,0,10,0
467441,2025-05-08,29.8,33.8,24.5,67,52,1.9,280,8.1,0.0,0.0,0.0,11.5,87.1,26.92,3.6,,,0,0,0,10,0
467441,2025-05-09,30.7,34.9,26.2,65,52,1.9,260,9.7,0.0,0.0,0.0,6.1,46.6,19.71,2.96,,,0,0,0,10,0
467441,2025-05-10,28.2,32.1,25.5,83,68,1.0,300,6.5,7.0,7.0,2.4,2.3,17.4,14.84,3.35,,,0,0,0,10,0
467441,2025-05-11,22.9,28.2,21.1,93,82,0.8,340,7.6,29.5,29.5,9.7,0.0,0.0,4.77,1.0,,,0,0,0,10,0
467441,2025-05-12,23.3,26.1,21.0,89,65,0.5,320,3.6,-9.8,0.0,0.7,0.0,0.0,5.65,0.77,,,0,0,0,10,0
467441,2025-05-13,26.4,31.1,21.5,77,58,1.2,280,7.4,0.0,0.0,0.0,11.6,88.1,27.35,3.65,,,0,0,0,10,0
467441,2025-05-14,27.2,33.3,22.0,71,46,1.1,280,7.4,0.0,0.0,0.0,12.2,92.6,28.26,3.66,,,0,0,0,10,0
467441,2025-05-15,28.2,33.3,22.5,72,52,1.2,280,7.6,0.0,0.0,0.0,11.1,84.1,26.35,3.45,,,0,0,0,10,0
467441,2025-05-16,29.3,34.9,24.1,72,50,1.4,240,8.3,0.0,0.0,0.0,11.4,85.4,26.43,3.73,,,0,0,0,10,0
467441,2025-05-17,30.0,34.1,24.9,72,55,1.8,240,8.2,0.0,0.0,0.0,12.1,91.5,27.97,3.7,,,0,0,0,10,0
467441,2025-05-18,30.7,34.4,28.7,72,54,1.9,240,8.2,0.0,0.0,0.0,11.9,89.9,27.9,3.69,,,0,0,0,10,0
467441,2025-05-19,29.9,34.1,26.2,77,60,1.8,260,8.5,0.0,0.0,0.0,9.2,69.4,25.27,3.75,,,0,0,0,10,0
467441,2025-05-20,30.1,34.8,25.4,76,51,1.8,260,9.0,0.0,0.0,0.0,10.6,79.9,25.78,3.67,,,0,0,0,10,0
467441,2025-05-21,30.5,34.8,26.9,75,56,2.0,140,8.3,0.0,0.0,0.0,11.2,84.3,27.13,3.73,,,0,0,0,10,0
467441,2025-05-22,29.6,34.5,26.1,75,53,1.6,290,7.9,0.0,0.0,0.0,11.2,84.3,28.34,3.85,,,0,0,0,10,0
467441,2025-05-23,29.4,34.2,25.2,75,51,1.4,300,7.4,0.0,0.0,0.0,10.6,79.7,25.53,3.61,,,0,0,0,10,0
467441,2025-05-24,29.4,33.7,25.5,78,62,1.7,290,9.5,0.0,0.0,0.0,8.6,64.6,24.44,3.37,,,0,0,0,10,0
467441,2025-05-25,29.1,33.2,25.0,72,57,1.6,270,7.6,0.0,0.0,0.0,9.9,74.3,26.8,3.7,,,0,0,0,10,0
467441,2025-05-26,26.6,32.9,23.1,68,48,0.9,300,7.0,0.0,0.0,0.0,3.3,24.7,19.29,3.12,,,0,0,0,10,0
467441,2025-05-27,27.2,33.0,22.5,68,51,1.2,260,8.4,-9.8,0.0,0.3,8.1,60.0,23.54,3.39,,,0,0,0,10,0
467441,2025-05-28,28.3,32.7,25.1,75,53,1.2,260,6.7,-9.8,0.0,0.4,3.3,24.7,17.87,2.89,,,0,0,0,10,0
467441,2025-05-29,26.4,30.6,23.1,87,68,0.7,20,6.7,27.5,27.5,4.8,2.2,16.5,12.58,1.88,,,0,0,0,10,0
467441,2025-05-30,26.0,30.1,23.2,85,66,1.1,300,7.0,0.5,0.5,0.4,5.3,39.2,19.28,3.17,,,0,0,0,10,0
467441,2025-05-31,27.5,33.0,23.9,79,52,1.2,300,7.9,0.0,0.0,0.0,6.0,44.3,23.85,3.62,,,0,0,0,10,0
467441,2025-06-01,28.4,33.1,24.3,82,60,1.4,210,9.3,32.0,32.0,2.1,7.7,56.9,22.61,3.35,,,0,0,0,10,0
467441,2025-06-02,27.7,30.2,26.4,93,85,1.2,270,7.9,59.5,59.5,6.1,0.3,2.2,7.28,1.62,,,0,0,0,10,0
467441,2025-06-03,26.8,29.4,25.5,95,85,0.7,80,5.3,58.5,58.5,7.0,0.5,3.7,7.06,1.52,,,0,0,0,10,0
467441,2025-06-04,27.2,30.5,25.5,91,77,1.2,140,7.3,13.0,13.0,4.7,0.7,5.2,11.58,1.94,,,0,0,0,10,0
467441,2025-06-05,27.9,31.7,25.1,90,70,0.8,280,7.2,-9.8,0.0,0.5,2.7,19.9,17.2,2.9,,,0,0,0,10,0
467441,2025-06-06,29.4,33.3,25.8,80,62,1.4,260,8.5,0.0,0.0,0.0,5.6,41.7,22.36,3.73,,,0,0,0,10,0
467441,2025-06-07,29.4,32.8,26.6,83,67,1.6,260,7.4,7.5,7.5,2.8,8.6,63.3,24.86,3.44,,,0,0,0,10,0
467441,2025-06-08,30.2,33.5,27.3,80,60,1.5,260,8.2,0.0,0.0,0.0,12.3,91.4,29.64,3.7,,,0,0,0,10,0
467441,2025-06-09,29.9,33.6,26.8,81,60,1.5,300,7.6,0.0,0.0,0.0,9.3,69.1,26.95,3.65,,,0,0,0,10,0
467441,2025-06-10,29.7,33.4,26.4,81,67,1.3,270,7.3,0.0,0.0,0.0,9.4,69.1,24.84,3.31,,,0,0,0,10,0
467441,2025-06-11,29.6,33.6,26.7,83,64,1.3,300,7.9,3.0,3.0,0.4,7.0,52.0,22.05,3.43,,,0,0,0,10,0
467441,2025-06-12,27.5,29.2,25.4,89,71,0.7,130,6.2,12.0,12.0,3.9,0.0,0.0,7.35,1.01,,,0,0,0,10,0
467441,2025-06-13,26.1,27.6,24.5,94,88,1.9,130,14.2,191.0,191.0,15.8,0.0,0.0,3.88,0.94,,,0,0,0,10,0
467441,2025-06-14,29.5,33.6,25.8,78,54,1.5,130,8.1,6.5,6.5,3.3,9.0,66.8,25.4,3.54,,,0,0,0,10,0
467441,2025-06-15,30.5,33.5,26.8,69,55,1.4,140,7.7,0.0,0.0,0.0,9.5,70.5,25.53,3.39,,,0,0,0,10,0
467441,2025-06-16,28.6,32.1,26.1,83,68,1.0,130,7.2,2.0,2.0,0.6,2.3,16.9,14.64,2.46,,,0,0,0,10,0
467441,2025-06-17,28.7,32.5,25.0,82,62,1.3,290,7.1,0.0,0.0,0.0,10.5,77.9,27.19,3.66,,,0,0,0,10,0
467441,2025-06-18,28.3,33.5,24.9,79,51,0.9,160,11.6,0.0,0.0,0.0,4.5,33.0,17.0,2.78,,,0,0,0,10,0
467441,2025-06-19,28.1,34.2,23.9,81,56,0.6,240,13.1,8.5,8.5,0.8,7.3,54.1,23.1,3.56,,,0,0,0,10,0
467441,2025-06-20,29.2,33.5,25.1,81,60,1.3,240,10.0,0.0,0.0,0.0,10.3,76.4,27.25,3.65,,,0,0,0,10,0
467441,2025-06-21,29.2,32.7,25.4,79,58,1.4,260,7.8,0.0,0.0,0.0,11.7,86.8,27.86,3.66,,,0,0,0,10,0
467441,2025-06-22,28.6,32.4,25.5,82,65,1.4,300,7.0,0.0,0.0,0.0,10.1,74.9,25.87,3.55,,,0,0,0,10,0
467441,2025-06-23,28.7,32.6,24.9,82,63,1.3,290,7.4,0.0,0.0,0.0,11.9,88.2,28.04,3.69,,,0,0,0,10,0
467441,2025-06-24,29.5,33.2,26.1,80,62,1.3,290,7.1,0.0,0.0,0.0,10.1,74.9,25.81,3.66,,,0,0,0,10,0
467441,2025-06-25,30.2,34.5,26.4,75,53,1.2,240,9.6,0.0,0.0,0.0,8.7,64.5,24.37,3.4,,,0,0,0,10,0
467441,2025-06-26,27.8,33.6,24.4,84,58,1.0,300,7.4,2.0,2.0,0.8,6.9,50.6,18.37,3.25,,,0,0,0,10,0
467441,2025-06-27,26.6,33.5,22.2,85,60,1.0,290,7.2,77.5,77.5,2.3,8.5,63.1,22.41,3.69,,,0,0,0,10,0
467441,2025-06-28,27.9,32.6,22.8,83,58,0.9,300,6.7,1.0,1.0,0.3,11.6,86.1,27.17,3.53,,,0,0,0,10,0
467441,2025-06-29,27.3,32.3,25.0,89,68,0.7,280,7.5,2.0,2.0,1.6,7.3,54.2,19.14,3.2,,,0,0,0,10,0
467441,2025-06-30,28.7,32.7,24.3,85,63,1.3,280,6.9,0.0,0.0,0.0,11.5,85.4,25.91,3.45,,,0,0,0,10,0
467441,2025-07-01,29.8,33.1,26.4,83,61,1.4,290,7.4,0.0,0.0,0.0,10.5,78.0,25.28,3.55,,,0,0,0,10,0
467441,2025-07-02,29.7,32.7,26.4,83,67,1.6,280,8.3,0.0,0.0,0.0,8.0,59.5,24.7,3.62,,,0,0,0,10,0
467441,2025-07-03,29.6,33.3,26.8,82,63,1.3,290,6.6,2.5,2.5,0.6,8.8,65.4,25.38,3.63,,,0,0,0,10,0
467441,2025-07-04,28.7,32.7,25.5,81,60,1.4,160,11.5,0.0,0.0,0.0,5.8,42.6,17.04,3.31,,,0,0,0,10,0
467441,2025-07-05,27.4,32.3,24.5,80,58,1.5,140,13.7,-9.8,0.0,0.1,3.0,22.1,17.1,3.19,,,0,0,0,10,0
467441,2025-07-06,25.6,27.2,23.9,91,75,3.0,130,19.5,171.0,171.0,14.9,0.0,0.0,4.03,0.72,,,0,0,0,10,0
467441,2025-07-07,26.7,29.3,23.9,94,83,1.1,270,13.6,129.0,129.0,7.5,0.2,1.5,7.89,1.19,,,0,0,0,10,0
467441,2025-07-08,28.9,31.1,27.9,88,76,1.5,260,7.0,-9.8,0.0,0.1,1.6,11.8,10.74,1.81,,,0,0,0,10,0
467441,2025-07-09,28.6,30.3,25.6,89,82,2.1,250,10.4,4.5,4.5,0.7,0.0,0.0,10.09,1.54,,,0,0,0,10,0
467441,2025-07-10,25.5,28.6,24.1,95,87,1.6,130,13.4,108.5,108.5,6.8,0.0,0.0,3.11,0.73,,,0,0,0,10,0
467441,2025-07-11,27.3,30.5,24.6,90,77,1.5,140,9.7,38.5,38.5,2.9,2.6,19.2,13.01,1.93,,,0,0,0,10,0
467441,2025-07-12,29.2,33.0,26.4,84,65,1.2,130,7.4,1.5,1.5,0.2,8.0,59.1,23.45,3.45,,,0,0,0,10,0
467441,2025-07-13,28.8,32.2,26.0,87,71,1.4,290,7.2,0.0,0.0,0.0,11.1,83.0,25.96,3.64,,,0,0,0,10,0
467441,2025-07-14,28.5,31.6,25.9,88,74,1.2,280,6.8,0.0,0.0,0.0,6.1,45.1,18.91,2.49,,,0,0,0,10,0
467441,2025-07-15,28.3,31.0,25.9,90,77,0.9,260,5.1,13.5,13.5,1.6,2.7,20.2,12.38,2.01,,,0,0,0,10,0
467441,2025-07-16,28.9,32.0,26.7,89,72,1.0,300,6.0,6.0,6.0,0.6,4.1,30.4,18.06,3.0,,,0,0,0,10,0
467441,2025-07-17,29.0,32.7,25.7,87,69,1.2,250,6.7,2.5,2.5,2.0,8.6,64.5,23.45,3.51,,,0,0,0,10,0
467441,2025-07-18,28.2,33.8,24.6,89,61,1.0,280,10.1,12.0,12.0,1.5,7.0,52.0,19.42,3.17,,,0,0,0,10,0
467441,2025-07-19,26.8,28.4,24.5,94,83,0.9,150,11.7,25.0,25.0,4.6,0.0,0.0,5.55,0.97,,,0,0,0,10,0
467441,2025-07-20,27.0,30.3,24.9,89,77,1.6,130,9.0,4.5,4.5,1.9,0.3,2.3,7.59,1.92,,,0,0,0,10,0
467441,2025-07-21,27.9,30.9,25.8,85,69,2.2,160,11.2,1.0,1.0,3.4,0.2,1.5,12.04,2.5,,,0,0,0,10,0
467441,2025-07-22,28.2,32.4,24.9,86,64,0.4,70,3.9,0.0,0.0,0.0,0.6,4.5,14.6,2.4,,,0,0,0,10,0
467441,2025-07-23,29.2,32.3,25.8,84,67,1.4,280,6.8,0.0,0.0,0.0,10.5,79.3,27.1,3.59,,,0,0,0,10,0
467441,2025-07-24,29.4,32.7,26.2,82,62,1.2,280,6.5,0.0,0.0,0.0,8.0,60.5,21.68,2.83,,,0,0,0,10,0
467441,2025-07-25,28.5,33.1,25.8,86,63,1.2,290,7.0,57.0,57.0,1.9,5.0,37.4,18.81,3.24,,,0,0,0,10,0
467441,2025-07-26,27.9,31.1,25.6,91,72,0.8,70,8.0,6.5,6.5,2.9,0.2,1.5,9.74,1.67,,,0,0,0,10,0
467441,2025-07-27,29.6,31.9,27.5,83,70,2.1,260,8.1,0.5,0.5,0.1,7.7,57.7,23.07,3.23,,,0,0,0,10,0
467441,2025-07-28,26.7,28.9,24.9,94,85,1.5,280,9.3,82.0,82.0,7.0,0.0,0.0,2.89,0.43,,,0,0,0,10,0
467441,2025-07-29,26.0,27.6,24.7,97,92,1.0,130,6.4,73.0,73.0,11.3,0.0,0.0,2.2,0.29,,,0,0,0,10,0
467441,2025-07-30,28.9,31.0,27.0,90,83,3.1,260,10.2,1.5,1.5,0.3,0.6,4.5,11.25,2.32,,,0,0,0,10,0
467441,2025-07-31,28.8,30.8,27.3,91,84,2.3,260,10.2,20.5,20.5,1.7,0.1,0.8,9.16,1.72,,,0,0,0,10,0
467441,2025-08-01,27.5,28.9,26.0,94,87,1.5,250,10.6,30.0,30.0,5.1,0.0,0.0,5.42,1.23,,,0,0,0,10,0
467441,2025-08-02,27.8,28.7,25.6,95,91,1.5,250,7.0,56.5,56.5,4.8,0.0,0.0,1.82,0.27,,,0,0,0,10,0
467441,2025-08-03,27.9,29.7,26.0,93,86,1.8,260,10.7,17.0,17.0,1.9,0.0,0.0,5.26,1.14,,,0,0,0,10,0
467441,2025-08-04,26.3,29.9,24.6,94,83,1.1,80,9.0,39.5,39.5,5.4,0.0,0.0,7.33,1.28,,,0,0,0,10,0
467441,2025-08-05,28.5,31.7,25.3,84,71,1.4,150,6.8,-9.8,0.0,0.1,3.4,26.1,17.58,2.69,,,0,0,0,10,0
467441,2025-08-06,28.9,32.0,26.2,84,71,1.5,290,7.3,-9.8,0.0,0.2,11.3,86.8,27.62,3.7,,,0,0,0,10,0
467441,2025-08-07,28.4,32.1,25.3,85,64,1.2,300,6.4,0.0,0.0,0.0,11.3,86.9,25.78,3.59,,,0,0,0,10,0
467441,2025-08-08,28.6,32.4,25.2,85,66,1.3,300,7.3,0.0,0.0,0.0,8.9,68.5,24.65,3.5,,,0,0,0,10,0
467441,2025-08-09,29.9,33.8,25.9,80,61,1.5,250,8.9,0.0,0.0,0.0,8.1,62.5,22.16,2.95,,,0,0,0,10,0
467441,2025-08-10,30.0,33.1,27.9,74,55,1.7,140,7.4,-9.8,0.0,0.3,9.6,74.1,24.38,3.8,,,0,0,0,10,0
467441,2025-08-11,29.1,32.4,25.8,82,65,1.7,260,7.3,2.5,2.5,1.2,8.3,63.4,22.29,3.62,,,0,0,0,10,0
467441,2025-08-12,28.9,32.0,26.4,85,70,1.2,300,6.2,0.5,0.5,0.9,6.5,49.7,18.61,3.26,,,0,0,0,10,0
467441,2025-08-13,27.2,28.8,24.8,90,78,3.1,310,22.8,122.0,122.0,14.8,0.0,0.0,2.32,0.43,,,0,0,0,10,0
467441,2025-08-14,28.3,33.5,24.6,82,62,1.9,140,10.6,42.5,42.5,2.1,7.5,58.3,21.68,3.43,,,0,0,0,10,0
467441,2025-08-15,27.9,31.7,24.3,89,72,1.1,280,6.6,0.0,0.0,0.0,10.4,80.9,25.98,3.65,,,0,0,0,10,0
467441,2025-08-16,28.4,32.4,25.2,86,65,1.2,280,6.5,0.0,0.0,0.0,6.9,53.8,21.96,2.88,,,0,0,0,10,0
467441,2025-08-17,28.3,32.1,25.3,85,68,1.2,290,8.0,-9.8,0.0,0.1,6.4,49.3,20.85,3.3,,,0,0,0,10,0
467441,2025-08-18,27.5,33.7,24.4,85,59,1.1,40,8.5,4.0,4.0,1.7,9.1,70.3,24.29,3.29,,,0,0,0,10,0
467441,2025-08-19,27.1,32.3,23.7,86,66,1.1,290,6.6,-9.8,0.0,0.9,8.5,65.7,23.59,3.52,,,0,0,0,10,0
467441,2025-08-20,26.6,32.6,24.1,84,66,0.9,300,7.9,0.0,0.0,0.0,4.4,34.5,17.92,3.04,,,0,0,0,10,0
467441,2025-08-21,27.9,32.6,22.7,79,57,1.1,290,6.4,0.0,0.0,0.0,12.1,95.0,26.67,3.58,,,0,0,0,10,0
467441,2025-08-22,28.7,33.3,25.0,82,64,1.1,290,7.1,0.0,0.0,0.0,11.3,88.9,25.28,3.55,,,0,0,0,10,0
467441,2025-08-23,29.3,33.6,25.7,80,61,1.1,290,6.4,0.0,0.0,0.0,9.9,78.0,25.55,3.47,,,0,0,0,10,0
467441,2025-08-24,28.2,33.4,25.0,83,60,1.0,270,7.0,-9.8,0.0,0.6,8.6,67.1,22.21,3.56,,,0,0,0,10,0
467441,2025-08-25,28.6,33.7,24.7,82,60,1.0,300,8.1,0.0,0.0,0.0,8.7,68.0,21.84,3.49,,,0,0,0,10,0
467441,2025-08-26,27.3,32.6,22.5,85,62,1.1,270,8.2,41.5,41.5,5.3,6.3,49.3,21.25,3.3,,,0,0,0,10,0
467441,2025-08-27,26.6,29.6,23.6,90,72,0.5,290,4.7,0.5,0.5,1.8,0.1,0.8,8.62,1.18,,,0,0,0,10,0
467441,2025-08-28,27.9,31.8,24.8,87,69,0.9,290,6.2,0.0,0.0,0.0,5.4,42.9,17.95,3.29,,,0,0,0,10,0
467441,2025-08-29,28.7,32.4,24.9,83,66,1.4,290,7.4,0.0,0.0,0.0,10.2,81.2,24.56,3.49,,,0,0,0,10,0
467441,2025-08-30,28.8,32.4,25.7,85,67,1.1,290,6.7,-9.8,0.0,0.2,8.9,71.0,22.59,3.64,,,0,0,0,10,0
467441,2025-08-31,28.7,31.6,26.2,84,69,0.8,280,5.5,-9.8,0.0,0.4,3.1,24.5,16.08,2.22,,,0,0,0,10,0
467441,2025-09-01,28.7,32.2,25.5,85,65,1.0,290,7.0,0.0,0.0,0.0,7.2,57.6,20.38,2.95,,,0,0,0,10,0
467441,2025-09-02,28.1,31.8,25.9,85,68,0.6,300,5.1,0.0,0.0,0.0,2.7,21.6,16.02,2.41,,,0,0,0,10,0
467441,2025-09-03,28.4,33.1,24.3,79,57,1.2,300,7.7,0.0,0.0,0.0,10.7,84.9,24.24,3.47,,,0,0,0,10,0
467441,2025-09-04,28.8,32.5,25.3,81,64,1.1,290,7.4,0.0,0.0,0.0,8.2,66.0,21.86,3.42,,,0,0,0,10,0
467441,2025-09-05,29.0,32.7,25.6,82,63,1.3,290,7.4,0.0,0.0,0.0,7.9,63.7,21.69,3.27,,,0,0,0,10,0
467441,2025-09-06,29.1,32.6,25.8,81,66,1.5,150,7.5,0.0,0.0,0.0,5.1,40.7,17.59,3.25,,,0,0,0,10,0
467441,2025-09-07,29.5,33.2,26.1,75,54,1.5,160,9.6,0.0,0.0,0.0,8.4,67.1,22.48,3.61,,,0,0,0,10,0
467441,2025-09-08,29.7,34.2,25.5,73,49,1.3,140,8.6,-9.8,0.0,0.4,7.7,61.6,23.26,3.53,,,0,0,0,10,0
467441,2025-09-09,29.2,32.8,25.1,79,62,1.3,300,6.7,0.0,0.0,0.0,9.8,79.6,21.75,3.05,,,0,0,0,10,0
467441,2025-09-10,27.6,33.4,24.4,87,61,0.9,290,10.1,8.0,8.0,4.2,7.9,63.5,19.91,3.52,,,0,0,0,10,0
467441,2025-09-11,28.1,32.7,23.4,82,56,1.0,290,6.7,0.0,0.0,0.0,10.6,86.4,24.54,3.33,,,0,0,0,10,0
467441,2025-09-12,28.1,33.8,24.9,83,53,0.9,300,7.0,0.5,0.5,1.0,9.3,75.0,23.24,3.43,,,0,0,0,10,0
467441,2025-09-13,28.3,32.7,24.4,83,67,1.1,280,6.9,0.0,0.0,0.0,7.9,63.8,22.32,3.45,,,0,0,0,10,0
467441,2025-09-14,28.4,33.0,25.2,83,63,1.0,280,8.0,-9.8,0.0,0.2,10.1,81.7,24.84,3.35,,,0,0,0,10,0
467441,2025-09-15,28.8,33.3,25.0,79,59,1.1,290,6.6,0.0,0.0,0.0,10.3,84.5,24.04,3.34,,,0,0,0,10,0
467441,2025-09-16,28.0,32.0,25.1,86,68,0.6,310,3.7,0.0,0.0,0.0,1.0,8.1,10.41,2.0,,,0,0,0,10,0
467441,2025-09-17,28.2,33.0,25.9,88,63,0.7,300,5.7,-9.8,0.0,1.2,1.3,10.6,11.47,2.32,,,0,0,0,10,0
467441,2025-09-18,26.8,29.4,25.1,91,77,0.6,120,6.1,2.0,2.0,4.5,0.0,0.0,5.27,0.81,,,0,0,0,10,0
467441,2025-09-19,28.0,33.0,24.5,83,61,0.8,140,6.4,-9.8,0.0,0.1,4.8,39.2,16.7,2.93,,,0,0,0,10,0
467441,2025-09-20,28.1,33.6,24.4,84,62,1.0,290,7.7,2.5,2.5,0.6,6.8,55.7,20.48,3.43,,,0,0,0,10,0
467441,2025-09-21,27.3,32.7,24.7,90,69,0.9,280,6.8,8.5,8.5,1.4,7.3,60.6,19.48,3.06,,,0,0,0,10,0
467441,2025-09-22,27.7,32.0,24.8,90,75,0.8,140,5.6,0.5,0.5,1.1,1.2,10.0,10.15,1.97,,,0,0,0,10,0
467441,2025-09-23,25.1,28.1,24.3,95,75,0.7,60,6.2,51.0,51.0,11.2,0.0,0.0,3.62,0.97,,,0,0,0,10,0
467441,2025-09-24,25.8,29.2,24.3,95,79,0.6,120,6.2,20.5,20.5,8.4,1.0,8.2,5.67,1.14,,,0,0,0,10,0
467441,2025-09-25,28.0,33.1,23.9,88,59,1.0,280,6.8,0.0,0.0,0.0,10.8,90.3,23.82,3.39,,,0,0,0,10,0
467441,2025-09-26,28.5,32.2,25.9,88,68,0.9,300,6.6,0.0,0.0,0.0,4.1,34.4,16.26,2.91,,,0,0,0,10,0
467441,2025-09-27,28.9,32.1,26.1,84,67,1.2,300,5.9,0.0,0.0,0.0,7.1,59.6,19.61,3.3,,,0,0,0,10,0
467441,2025-09-28,28.4,32.3,25.6,87,71,1.0,300,7.5,0.0,0.0,0.0,6.3,52.3,18.37,2.6,,,0,0,0,10,0
467441,2025-09-29,28.5,31.9,25.3,85,66,1.1,290,7.2,-9.8,0.0,0.2,9.6,80.9,22.46,3.19,,,0,0,0,10,0
467441,2025-09-30,28.6,32.3,25.7,85,68,1.2,300,6.3,-9.8,0.0,0.2,6.9,57.5,19.53,2.96,,,0,0,0,10,0
467441,2025-10-01,28.3,31.5,25.5,86,71,1.1,290,6.4,-9.8,0.0,0.2,6.5,54.3,18.96,2.88,,,0,0,0,10,0
467441,2025-10-02,28.0,32.1,25.2,84,65,1.0,300,7.2,0.0,0.0,0.0,9.8,82.0,21.12,3.27,,,0,0,0,10,0
467441,2025-10-03,27.8,32.2,24.2,85,66,0.8,300,6.3,0.0,0.0,0.0,7.6,64.5,18.12,2.56,,,0,0,0,10,0
467441,2025-10-04,28.4,33.3,25.4,84,60,0.9,300,6.8,0.0,0.0,0.0,9.4,79.9,21.42,3.29,,,0,0,0,10,0
467441,2025-10-05,28.3,32.3,24.7,83,61,1.2,300,7.9,0.0,0.0,0.0,9.5,80.9,22.44,3.29,,,0,0,0,10,0
467441,2025-10-06,28.4,31.8,24.8,86,71,1.1,290,6.6,0.0,0.0,0.0,7.5,64.0,19.67,3.01,,,0,0,0,10,0
467441,2025-10-07,28.6,31.9,26.3,85,69,1.1,280,6.0,0.0,0.0,0.0,7.0,59.9,17.55,2.97,,,0,0,0,10,0
467441,2025-10-08,28.3,32.0,25.3,84,64,1.1,280,6.2,0.0,0.0,0.0,9.6,82.3,21.2,3.15,,,0,0,0,10,0
467441,2025-10-09,28.2,32.2,24.8,83,61,0.9,300,5.5,0.0,0.0,0.0,9.6,82.4,21.16,3.17,,,0,0,0,10,0
467441,2025-10-10,28.2,32.3,25.0,83,58,0.9,260,5.8,0.0,0.0,0.0,9.4,80.8,20.6,3.14,,,0,0,0,10,0
467441,2025-10-11,28.1,32.7,24.5,82,60,1.1,300,6.9,0.0,0.0,0.0,9.3,80.1,20.78,3.13,,,0,0,0,10,0
467441,2025-10-12,28.4,33.1,25.0,81,60,1.0,290,6.2,0.0,0.0,0.0,9.9,85.5,21.3,3.12,,,0,0,0,10,0
467441,2025-10-13,28.8,33.2,24.8,79,58,1.3,290,6.5,0.0,0.0,0.0,10.8,93.4,21.46,3.15,,,0,0,0,10,0
467441,2025-10-14,28.3,33.3,24.7,81,56,1.1,290,6.6,0.0,0.0,0.0,9.4,80.5,20.42,3.0,,,0,0,0,10,0
467441,2025-10-15,28.1,32.2,25.1,83,59,0.9,300,6.5,0.0,0.0,0.0,8.2,71.2,17.84,2.76,,,0,0,0,10,0
467441,2025-10-16,28.4,32.9,24.1,79,55,0.9,300,6.3,0.0,0.0,0.0,10.4,90.4,21.01,3.12,,,0,0,0,10,0
467441,2025-10-17,28.1,32.8,24.6,82,60,1.0,280,5.7,0.0,0.0,0.0,9.4,81.9,18.07,2.76,,,0,0,0,10,0
467441,2025-10-18,28.3,33.2,24.2,82,57,1.1,300,6.1,0.0,0.0,0.0,10.5,91.6,20.76,3.09,,,0,0,0,10,0
467441,2025-10-19,27.6,30.3,25.7,88,70,0.5,320,3.8,-9.8,0.0,0.9,0.0,0.0,6.43,1.16,,,0,0,0,10,0
467441,2025-10-20,27.3,31.7,24.6,85,64,0.4,340,4.7,0.5,0.5,4.1,0.5,4.3,11.41,1.99,,,0,0,0,10,0
467441,2025-10-21,26.6,31.8,24.0,77,60,0.6,360,4.6,0.0,0.0,0.0,3.9,34.2,14.32,3.04,,,0,0,0,10,0
467441,2025-10-22,26.4,32.4,23.4,75,56,0.7,340,5.7,0.0,0.0,0.0,2.9,25.5,13.64,2.79,,,0,0,0,10,0
467441,2025-10-23,26.3,30.4,22.4,79,64,0.8,330,6.2,0.0,0.0,0.0,2.6,22.9,12.07,1.85,,,0,0,0,10,0
467441,2025-10-24,27.1,32.7,23.4,75,56,0.7,270,5.2,0.0,0.0,0.0,2.1,18.5,13.86,2.17,,,0,0,0,10,0
467441,2025-10-25,27.4,32.1,23.6,79,59,0.9,290,6.5,0.0,0.0,0.0,7.6,67.2,17.46,2.65,,,0,0,0,10,0
467441,2025-10-26,27.4,32.3,24.0,77,59,0.7,320,5.7,0.0,0.0,0.0,6.4,56.6,15.23,2.29,,,0,0,0,10,0
467441,2025-10-27,26.3,31.6,23.0,75,59,0.8,280,5.5,0.0,0.0,0.0,5.8,51.4,16.58,2.85,,,0,0,0,10,0
467441,2025-10-28,25.2,30.3,22.1,82,62,0.6,330,4.7,0.0,0.0,0.0,1.5,13.3,10.79,2.14,,,0,0,0,10,0
467441,2025-10-29,25.9,31.3,21.7,80,54,0.9,270,6.6,-9.8,0.0,0.1,6.9,61.4,17.42,2.91,,,0,0,0,10,0
467441,2025-10-30,27.1,32.0,24.4,79,59,1.0,270,7.0,0.0,0.0,0.0,8.2,73.1,17.89,2.85,,,0,0,0,10,0
467441,2025-10-31,26.4,32.3,22.5,77,56,1.1,340,7.1,0.0,0.0,0.0,7.6,67.8,17.21,2.76,,,0,0,0,10,0
467441,2025-11-01,25.0,29.8,20.0,76,56,1.0,260,6.1,0.0,0.0,0.0,9.8,87.6,18.69,2.87,,,0,0,0,10,0
467441,2025-11-02,26.4,31.4,22.8,72,55,0.9,300,6.3,0.0,0.0,0.0,7.0,62.7,17.31,2.78,,,0,0,0,10,0
467441,2025-11-03,25.4,30.3,21.3,71,54,1.1,290,6.4,0.0,0.0,0.0,6.8,61.0,16.25,2.64,,,0,0,0,10,0
467441,2025-11-04,24.8,30.4,20.3,77,53,0.9,260,6.2,0.0,0.0,0.0,8.6,77.2,17.53,2.6,,,0,0,0,10,0
467441,2025-11-05,25.5,31.5,20.6,79,53,0.9,290,5.8,0.0,0.0,0.0,10.2,90.7,18.47,2.78,,,0,0,0,10,0
467441,2025-11-06,25.7,30.8,21.8,82,59,0.9,250,6.6,0.0,0.0,0.0,10.1,91.0,18.28,2.81,,,0,0,0,10,0
467441,2025-11-07,26.5,31.0,22.9,82,65,1.0,290,6.7,0.0,0.0,0.0,6.4,57.8,15.06,2.71,,,0,0,0,10,0
467441,2025-11-08,25.9,30.5,23.3,85,63,0.9,290,5.6,0.0,0.0,0.0,4.5,40.7,13.17,2.44,,,0,0,0,10,0
467441,2025-11-09,25.7,30.7,22.7,83,62,0.7,330,5.6,0.0,0.0,0.0,5.0,45.3,12.94,2.21,,,0,0,0,10,0
467441,2025-11-10,23.6,24.6,22.3,93,82,0.5,340,4.6,2.5,2.5,6.1,0.0,0.0,2.58,0.4,,,0,0,0,10,0
467441,2025-11-11,24.5,28.7,22.2,90,70,0.7,320,8.1,4.0,4.0,2.4,0.8,7.2,8.89,1.94,,,0,0,0,10,0
467441,2025-11-12,23.6,26.0,22.1,90,82,1.1,320,7.6,10.5,10.5,4.7,0.5,4.5,4.48,1.1,,,0,0,0,10,0
467441,2025-11-13,24.0,27.6,21.9,88,67,0.8,320,6.8,-9.8,0.0,0.6,1.0,9.1,9.34,2.13,,,0,0,0,10,0
467441,2025-11-14,24.6,29.6,21.2,80,59,0.8,290,5.7,0.0,0.0,0.0,7.4,67.4,15.54,2.62,,,0,0,0,10,0
467441,2025-11-15,23.7,29.0,19.1,81,63,0.8,300,6.4,0.0,0.0,0.0,10.1,92.2,17.11,2.61,,,0,0,0,10,0
467441,2025-11-16,24.2,30.0,20.1,82,57,0.7,300,5.8,0.0,0.0,0.0,9.8,89.5,17.34,2.68,,,0,0,0,10,0
467441,2025-11-17,24.5,30.3,20.6,83,56,0.7,340,5.7,0.0,0.0,0.0,9.2,84.2,16.6,2.56,,,0,0,0,10,0
467441,2025-11-18,22.5,27.5,18.2,75,61,1.0,350,5.9,0.0,0.0,0.0,4.8,44.0,14.2,2.56,,,0,0,0,10,0
467441,2025-11-19,19.1,23.9,15.9,74,60,0.9,360,5.3,0.0,0.0,0.0,3.4,31.2,12.71,2.64,,,0,0,0,10,0
467441,2025-11-20,19.2,24.3,15.3,74,58,0.5,340,4.5,0.0,0.0,0.0,1.0,9.2,2.81,0.95,,,0,0,0,10,0
467441,2025-11-21,21.1,27.8,16.4,77,52,0.8,340,5.6,0.0,0.0,0.0,5.2,47.8,14.47,2.75,,,0,0,0,10,0
467441,2025-11-22,21.4,27.8,16.3,79,54,0.8,300,6.5,0.0,0.0,0.0,10.0,92.0,16.9,2.61,,,0,0,0,10,0
467441,2025-11-23,22.1,28.6,17.0,81,52,0.8,300,5.6,0.0,0.0,0.0,10.1,93.0,17.5,2.69,,,0,0,0,10,0
467441,2025-11-24,23.0,28.6,18.3,83,59,0.7,260,6.3,0.0,0.0,0.0,9.4,86.7,16.67,2.66,,,0,0,0,10,0
467441,2025-11-25,22.6,27.4,18.1,70,46,0.8,330,5.3,0.0,0.0,0.0,7.5,68.5,14.11,2.4,,,0,0,0,10,0
467441,2025-11-26,20.9,26.5,15.3,71,52,0.7,290,5.1,0.0,0.0,0.0,4.1,37.9,12.4,2.1,,,0,0,0,10,0
467441,2025-11-27,20.2,22.2,19.3,83,65,0.4,350,4.2,-9.8,0.0,4.8,0.0,0.0,5.14,0.91,,,0,0,0,10,0
467441,2025-11-28,20.3,23.3,17.5,84,67,0.4,330,3.4,-9.8,0.0,0.7,0.0,0.0,5.72,0.86,,,0,0,0,10,0
467441,2025-11-29,21.8,27.2,18.9,77,58,0.7,300,5.0,0.0,0.0,0.0,2.4,22.2,11.57,1.87,,,0,0,0,10,0
467441,2025-11-30,22.6,28.9,19.1,78,45,0.4,330,4.0,0.0,0.0,0.0,1.2,11.0,10.96,2.03,,,0,0,0,10,0
467441,2025-12-01,23.7,31.4,19.9,76,48,0.9,360,6.8,0.0,0.0,0.0,9.8,91.0,16.56,2.6,,,0,0,0,10,0
467441,2025-12-02,23.9,30.4,19.7,83,57,0.8,310,5.9,0.0,0.0,0.0,9.5,88.2,15.52,2.51,,,0,0,0,10,0
467441,2025-12-03,21.5,26.4,17.4,72,54,0.7,340,5.4,0.0,0.0,0.0,2.9,27.0,10.61,2.23,,,0,0,0,10,0
467441,2025-12-04,19.7,24.9,16.3,71,53,0.6,300,5.4,0.0,0.0,0.0,4.1,38.1,10.06,1.96,,,0,0,0,10,0
467441,2025-12-05,20.0,25.7,14.7,76,56,1.0,270,6.2,0.0,0.0,0.0,9.6,89.3,16.15,2.6,,,0,0,0,10,0
467441,2025-12-06,20.3,27.4,15.1,78,47,0.7,360,5.8,0.0,0.0,0.0,7.3,67.3,15.04,2.49,,,0,0,0,10,0
467441,2025-12-07,20.6,26.8,15.9,83,58,0.7,270,5.9,0.0,0.0,0.0,9.8,91.3,16.41,2.58,,,0,0,0,10,0
467441,2025-12-08,21.2,27.8,16.8,78,46,0.5,340,5.7,0.0,0.0,0.0,8.6,80.2,14.98,2.59,,,0,0,0,10,0
467441,2025-12-09,20.8,27.4,15.8,80,49,0.7,250,6.8,0.0,0.0,0.0,7.8,72.8,15.07,2.55,,,0,0,0,10,0
467441,2025-12-10,21.6,28.8,16.9,80,47,0.7,290,5.1,0.0,0.0,0.0,7.6,70.9,14.18,2.25,,,0,0,0,10,0
467441,2025-12-11,21.4,29.6,17.1,73,36,0.9,330,6.1,0.0,0.0,0.0,9.8,91.5,16.77,2.64,,,0,0,0,10,0
467441,2025-12-12,21.1,27.8,16.0,78,51,0.8,300,6.0,0.0,0.0,0.0,8.8,82.2,15.83,2.38,,,0,0,0,10,0
467441,2025-12-13,21.0,27.3,17.1,79,57,1.2,340,7.7,0.0,0.0,0.0,9.4,87.8,15.7,2.47,,,0,0,0,10,0
467441,2025-12-14,19.5,25.9,15.4,64,47,0.9,330,6.1,0.0,0.0,0.0,5.5,51.4,13.1,2.38,,,0,0,0,10,0
467441,2025-12-15,18.3,24.2,13.0,76,58,0.8,280,5.6,0.0,0.0,0.0,9.1,85.0,15.09,2.42,,,0,0,0,10,0
467441,2025-12-16,19.5,26.7,14.3,78,38,0.7,360,5.7,0.0,0.0,0.0,8.1,75.7,15.27,2.59,,,0,0,0,10,0
467441,2025-12-17,20.7,27.9,14.6,78,38,0.6,310,5.7,0.0,0.0,0.0,9.8,91.6,15.87,2.47,,,0,0,0,10,0
467441,2025-12-18,21.2,27.6,16.2,80,56,0.8,280,6.5,0.0,0.0,0.0,7.3,68.3,14.4,2.44,,,0,0,0,10,0
467441,2025-12-19,21.6,25.7,19.5,84,67,0.4,10,3.9,-9.8,0.0,1.2,0.4,3.7,6.31,1.69,,,0,0,0,10,0
467441,2025-12-20,21.1,24.2,19.3,94,80,0.3,130,3.8,5.5,5.5,6.3,0.0,0.0,4.9,0.89,,,0,0,0,10,0
467441,2025-12-21,21.4,26.8,17.5,83,60,0.7,350,4.9,0.0,0.0,0.0,6.3,58.9,14.11,2.48,,,0,0,0,10,0
467441,2025-12-22,20.4,27.0,15.1,80,55,0.7,270,5.4,0.0,0.0,0.0,4.6,43.0,12.24,2.31,,,0,0,0,10,0
467441,2025-12-23,21.4,26.9,17.3,80,58,0.9,320,6.3,0.0,0.0,0.0,9.2,86.0,15.52,2.4,,,0,0,0,10,0
467441,2025-12-24,22.0,27.7,18.8,84,59,0.9,290,6.2,0.0,0.0,0.0,4.8,44.9,12.47,2.17,,,0,0,0,10,0
467441,2025-12-25,19.5,22.8,14.8,78,61,0.8,330,6.4,-9.8,0.0,0.4,3.7,34.6,11.23,2.24,,,0,0,0,10,0
467441,2025-12-26,16.3,20.3,13.9,76,65,0.6,290,4.0,1.0,1.0,2.5,0.4,3.7,7.91,1.61,,,0,0,0,10,0
467441,2025-12-27,18.1,23.3,15.1,75,56,0.7,340,5.9,-9.8,0.0,0.2,0.8,7.5,7.8,1.57,,,0,0,0,10,0
467441,2025-12-28,19.5,25.2,15.4,76,50,0.5,320,4.9,0.0,0.0,0.0,3.4,31.7,12.75,2.22,,,0,0,0,10,0
467441,2025-12-29,19.7,26.6,15.9,79,45,0.7,320,5.0,0.0,0.0,0.0,3.4,31.7,11.59,2.0,,,0,0,0,10,0
467441,2025-12-30,20.9,28.1,17.1,78,41,0.9,320,6.4,0.0,0.0,0.0,9.2,85.8,16.58,2.59,,,0,0,0,10,0
467441,2025-12-31,19.9,26.5,14.8,77,49,0.7,340,6.2,0.0,0.0,0.0,9.3,86.7,15.43,2.52,,,0,0,0,10,0
