site,season,hour,mean_o3,p90_o3,n_hours
仁武,autumn,0,22.530113636363637,37.67000000000001,704
仁武,autumn,1,21.173011363636363,35.370000000000005,704
仁武,autumn,2,19.994176136363635,34.1,704
仁武,autumn,3,18.937571428571427,32.61000000000001,700
仁武,autumn,4,17.37191977077364,31.1,698
仁武,autumn,5,15.634776334776335,29.0,693
仁武,autumn,6,12.782051282051283,24.59,702
仁武,autumn,7,15.37114568599717,26.1,707
仁武,autumn,8,24.565482954545452,39.77,704
仁武,autumn,9,37.19261363636363,55.14000000000001,704
仁武,autumn,10,49.14617604617605,69.58,693
仁武,autumn,11,58.09511834319527,81.9,676
仁武,autumn,12,62.09045521292217,87.0,681
仁武,autumn,13,61.42941176470588,86.01,680
仁武,autumn,14,58.988596491228066,81.68000000000002,684
仁武,autumn,15,55.829069767441865,76.9,688
仁武,autumn,16,51.43150887573964,71.95,676
仁武,autumn,17,46.041014492753625,66.71000000000001,690
仁武,autumn,18,40.789857142857144,60.61000000000001,700
仁武,autumn,19,36.574,56.61000000000001,700
仁武,autumn,20,32.630714285714284,52.21000000000001,700
仁武,autumn,21,28.98102710413695,47.0,701
仁武,autumn,22,26.290584878744653,43.0,701
仁武,autumn,23,24.02372159090909,39.5,704
仁武,spring,0,24.31725543478261,40.650000000000006,736
仁武,spring,1,23.270884353741494,40.5,735
仁武,spring,2,22.03600543478261,38.1,736
仁武,spring,3,20.422146739130437,36.849999999999994,736
仁武,spring,4,19.14728260869565,36.1,736
仁武,spring,5,17.152452316076293,33.210000000000015,734
仁武,spring,6,15.973097826086958,31.75,736
仁武,spring,7,19.64816326530612,34.96,735
仁武,spring,8,27.577656675749317,46.74000000000001,734
仁武,spring,9,36.81123287671233,59.3,730
仁武,spring,10,45.76002824858757,69.83000000000001,708
仁武,spring,11,51.534184397163116,77.96000000000001,705
仁武,spring,12,54.01481481481482,81.74999999999999,702
仁武,spring,13,53.83563380281691,80.41000000000001,710
仁武,spring,14,52.16005625879044,77.4,711
仁武,spring,15,50.10508474576272,75.3,708
仁武,spring,16,47.246918767507005,72.07000000000001,714
仁武,spring,17,43.7994452149792,67.9,721
仁武,spring,18,39.69288645690835,63.3,731
仁武,spring,19,35.840109140518415,59.080000000000005,733
仁武,spring,20,32.58855585831063,53.77,734
仁武,spring,21,29.813469387755102,49.52,735
仁武,spring,22,27.43673469387755,45.0,735
仁武,spring,23,25.65863945578231,41.9,735
仁武,summer,0,16.95817438692098,28.8,734
仁武,summer,1,16.28555858310627,27.2,734
仁武,summer,2,15.992915531335148,26.770000000000003,734
仁武,summer,3,15.278065395095368,26.910000000000014,734
仁武,summer,4,14.61448087431694,25.7,732
仁武,summer,5,14.052387448840381,25.78000000000001,733
仁武,summer,6,13.741144414168938,24.070000000000004,734
仁武,summer,7,16.671994535519126,25.3,732
仁武,summer,8,22.142323651452283,32.16000000000002,723
仁武,summer,9,28.255817174515236,43.19,722
仁武,summer,10,32.89064245810056,52.35,716
仁武,summer,11,35.52604316546763,59.86,695
仁武,summer,12,35.786925287356325,61.55,696
仁武,summer,13,34.59645892351275,57.25,706
仁武,summer,14,32.27768361581921,53.380000000000045,708
仁武,summer,15,29.327910238429173,46.66000000000002,713
仁武,summer,16,26.979387186629527,43.330000000000005,718
仁武,summer,17,24.48719008264463,38.7,726
仁武,summer,18,22.146565934065936,37.23000000000001,728
仁武,summer,19,20.482673942701226,33.4,733
仁武,summer,20,19.122677595628414,31.79,732
仁武,summer,21,18.23315068493151,31.01,730
仁武,summer,22,17.55843621399177,30.120000000000005,729
仁武,summer,23,17.306002728512958,29.380000000000006,733
仁武,winter,0,15.703467406380028,26.5,721
仁武,winter,1,14.899165507649514,26.2,719
仁武,winter,2,14.095125348189415,25.730000000000008,718
仁武,winter,3,13.522657342657343,25.76,715
仁武,winter,4,12.648163841807909,25.130000000000006,708
仁武,winter,5,10.935428571428572,22.71,700
仁武,winter,6,8.82943722943723,19.58000000000001,693
仁武,winter,7,8.297075208913649,17.5,718
仁武,winter,8,12.5278940027894,23.1,717
仁武,winter,9,20.63701117318436,34.7,716
仁武,winter,10,31.793083573487035,49.3,694
仁武,winter,11,42.88073529411765,63.1,680
仁武,winter,12,51.863119533527694,72.5,686
仁武,winter,13,56.2826895565093,76.22000000000001,699
仁武,winter,14,56.35107604017216,76.44,697
仁武,winter,15,53.928,72.31,700
仁武,winter,16,48.6203125,66.87,704
仁武,winter,17,41.10183098591549,60.0,710
仁武,winter,18,34.23221288515406,51.9,714
仁武,winter,19,29.251753155680223,45.14000000000002,713
仁武,winter,20,24.445125348189414,38.1,718
仁武,winter,21,20.948400556328235,33.32,719
仁武,winter,22,18.368428372739917,29.42,719
仁武,winter,23,16.700277777777778,27.310000000000002,720
前金,autumn,0,24.75903448275862,43.160000000000004,725
前金,autumn,1,22.9031724137931,39.660000000000004,725
前金,autumn,2,21.62720994475138,38.07000000000001,724
前金,autumn,3,20.57629009762901,35.2,717
前金,autumn,4,19.312849162011172,33.45,716
前金,autumn,5,17.70195804195804,30.8,715
前金,autumn,6,16.580716253443526,28.65,726
前金,autumn,7,20.57922971114168,33.279999999999994,727
前金,autumn,8,29.243508287292816,44.2,724
前金,autumn,9,39.73486111111111,58.510000000000005,720
前金,autumn,10,49.76364922206506,70.3,707
前金,autumn,11,57.52374821173104,80.62,699
前金,autumn,12,61.230453257790366,85.65,706
前金,autumn,13,61.410098176718094,84.68,713
前金,autumn,14,59.64742857142857,82.4,700
前金,autumn,15,57.0445390070922,79.1,705
前金,autumn,16,54.000279720279714,76.22,715
前金,autumn,17,49.583194444444445,69.9,720
前金,autumn,18,44.49389736477115,65.5,721
前金,autumn,19,39.832458563535916,61.040000000000006,724
前金,autumn,20,35.68515950069348,56.4,721
前金,autumn,21,32.05180055401662,52.26999999999999,722
前金,autumn,22,28.70828729281768,49.470000000000006,724
前金,autumn,23,26.625966850828732,45.17000000000001,724
前金,spring,0,27.05006896551724,46.6,725
前金,spring,1,25.657083906464926,43.94,727
前金,spring,2,24.482943603851442,41.999999999999986,727
前金,spring,3,23.25055096418733,40.95,726
前金,spring,4,22.34690508940853,39.48,727
前金,spring,5,20.82279005524862,37.440000000000005,724
前金,spring,6,20.497664835164834,36.3,728
前金,spring,7,24.21865569272977,40.2,729
前金,spring,8,30.622758620689655,50.14000000000001,725
前金,spring,9,38.31666666666667,60.11000000000001,720
前金,spring,10,45.71566091954023,69.95,696
前金,spring,11,51.527377521613836,78.41000000000001,694
前金,spring,12,54.46761363636363,83.01,704
前金,spring,13,54.344842406876786,81.0,698
前金,spring,14,53.84725433526012,79.2,692
前金,spring,15,52.54197183098592,79.3,710
前金,spring,16,50.351256983240226,76.9,716
前金,spring,17,47.34700973574409,72.6,719
前金,spring,18,43.63074792243768,69.19,722
前金,spring,19,39.71485557083906,64.7,727
前金,spring,20,36.04910344827586,60.660000000000004,725
前金,spring,21,32.595454545454544,54.9,726
前金,spring,22,30.10538674033149,50.180000000000014,724
前金,spring,23,28.50331034482759,48.6,725
前金,summer,0,16.36698499317872,28.3,733
前金,summer,1,16.141961852861037,28.170000000000005,734
前金,summer,2,15.836512261580381,28.170000000000005,734
前金,summer,3,15.22125340599455,27.08000000000002,734
前金,summer,4,14.72506811989101,27.3,734
前金,summer,5,14.465342465753425,26.51,730
前金,summer,6,15.306548431105048,26.1,733
前金,summer,7,18.594952251023194,28.2,733
前金,summer,8,22.523698630136984,35.61000000000001,730
前金,summer,9,26.830068965517242,42.6,725
前金,summer,10,30.77627840909091,52.07000000000001,704
前金,summer,11,33.30759493670886,59.2,711
前金,summer,12,33.7275,58.43000000000001,720
前金,summer,13,32.825421348314606,54.68,712
前金,summer,14,30.790381895332388,52.1,707
前金,summer,15,28.692116182572615,47.70000000000003,723
前金,summer,16,26.6532967032967,42.830000000000005,728
前金,summer,17,24.474033149171273,41.34000000000001,724
前金,summer,18,21.810699588477366,38.50000000000002,729
前金,summer,19,19.867213114754097,34.28999999999999,732
前金,summer,20,18.8360768175583,33.0,729
前金,summer,21,17.603405994550407,31.6,734
前金,summer,22,16.821360544217686,30.180000000000007,735
前金,summer,23,16.573224043715847,29.29,732
前金,winter,0,17.924339360222532,29.520000000000003,719
前金,winter,1,16.700139082058413,28.3,719
前金,winter,2,16.074305555555554,27.91,720
前金,winter,3,16.261484593837537,28.6,714
前金,winter,4,15.981372549019609,28.270000000000003,714
前金,winter,5,15.542616033755273,27.0,711
前金,winter,6,13.89248956884562,24.860000000000014,719
前金,winter,7,13.4575,24.1,720
前金,winter,8,17.197214484679666,27.53000000000001,718
前金,winter,9,25.213986013986013,39.92,715
前金,winter,10,34.53452722063037,53.13000000000001,698
前金,winter,11,44.2890988372093,64.93,688
前金,winter,12,53.11812949640287,73.36,695
前金,winter,13,57.4221582733813,78.22,695
前金,winter,14,57.58912732474965,76.52000000000001,699
前金,winter,15,55.88203677510608,74.7,707
前金,winter,16,51.93991596638655,70.84000000000002,714
前金,winter,17,45.398746518105845,64.53,718
前金,winter,18,38.6510460251046,57.5,717
前金,winter,19,32.788300835654596,49.53000000000001,718
前金,winter,20,27.690820584144646,41.6,719
前金,winter,21,24.05020862308762,36.42,719
前金,winter,22,20.998191933240612,32.720000000000006,719
前金,winter,23,19.221478382147836,30.779999999999994,717
前鎮,autumn,0,23.54682320441989,42.1,724
前鎮,autumn,1,22.694467496542185,40.2,723
前鎮,autumn,2,21.760110041265474,37.4,727
前鎮,autumn,3,20.96058091286307,34.9,723
前鎮,autumn,4,19.51908713692946,33.480000000000004,723
前鎮,autumn,5,17.025484764542934,29.6,722
前鎮,autumn,6,13.99133425034388,24.9,727
前鎮,autumn,7,16.85892857142857,27.96000000000001,728
前鎮,autumn,8,26.246831955922865,40.3,726
前鎮,autumn,9,36.03870523415978,53.0,726
前鎮,autumn,10,45.44019471488178,63.440000000000005,719
前鎮,autumn,11,53.36379066478076,74.64,707
前鎮,autumn,12,58.18811188811189,81.9,715
前鎮,autumn,13,57.946892655367236,81.73,708
前鎮,autumn,14,55.86779661016949,79.0,708
前鎮,autumn,15,52.50729312762973,74.2,713
前鎮,autumn,16,48.83253182461103,69.24,707
前鎮,autumn,17,43.79528571428572,64.11,700
前鎮,autumn,18,39.914084507042254,60.120000000000005,710
前鎮,autumn,19,36.32855153203343,56.830000000000005,718
前鎮,autumn,20,32.49733893557423,52.8,714
前鎮,autumn,21,28.739075630252103,48.6,714
前鎮,autumn,22,26.202225312934633,47.2,719
前鎮,autumn,23,24.521359223300973,44.3,721
前鎮,spring,0,24.219183673469384,42.86,735
前鎮,spring,1,23.69633152173913,42.3,736
前鎮,spring,2,23.129211956521736,41.7,736
前鎮,spring,3,22.30652173913043,39.8,736
前鎮,spring,4,21.358446866485014,37.77,734
前鎮,spring,5,19.760610263522885,37.2,721
前鎮,spring,6,17.508299319727893,31.5,735
前鎮,spring,7,19.94038199181446,34.4,733
前鎮,spring,8,26.775479452054793,44.620000000000005,730
前鎮,spring,9,33.40631001371742,53.16000000000002,729
前鎮,spring,10,40.09307479224377,61.88999999999999,722
前鎮,spring,11,45.736938202247195,70.89,712
前鎮,spring,12,49.929971988795515,75.77000000000001,714
前鎮,spring,13,49.84347826086957,75.1,713
前鎮,spring,14,48.714305949008505,73.3,706
前鎮,spring,15,46.79647887323944,71.41000000000001,710
前鎮,spring,16,44.13665730337078,68.39,712
前鎮,spring,17,40.11550279329609,64.0,716
前鎮,spring,18,36.60628491620111,60.55,716
前鎮,spring,19,34.06537396121884,57.86999999999999,722
前鎮,spring,20,31.23708791208791,54.93000000000001,728
前鎮,spring,21,27.816279069767443,49.6,731
前鎮,spring,22,25.70013623978202,45.7,734
前鎮,spring,23,24.948641304347827,45.4,736
前鎮,summer,0,14.231053351573188,25.9,731
前鎮,summer,1,14.241939890710382,26.889999999999997,732
前鎮,summer,2,14.043442622950819,26.49,732
前鎮,summer,3,13.800545702592085,25.820000000000025,733
前鎮,summer,4,13.227557980900409,25.94000000000002,733
前鎮,summer,5,12.503708791208792,24.1,728
前鎮,summer,6,11.99822888283379,22.6,734
前鎮,summer,7,14.21226158038147,23.570000000000004,734
前鎮,summer,8,18.711627906976744,30.7,731
前鎮,summer,9,22.87178082191781,38.6,730
前鎮,summer,10,26.714681440443215,46.989999999999995,722
前鎮,summer,11,29.365400843881854,54.5,711
前鎮,summer,12,30.342334739803096,54.8,711
前鎮,summer,13,29.29846153846154,51.720000000000006,715
前鎮,summer,14,27.6787323943662,48.220000000000006,710
前鎮,summer,15,24.91002824858757,43.860000000000014,708
前鎮,summer,16,22.57140825035562,39.120000000000026,703
前鎮,summer,17,20.106601123595507,35.669999999999995,712
前鎮,summer,18,17.284444444444443,32.510000000000005,720
前鎮,summer,19,15.782920110192837,30.55,726
前鎮,summer,20,15.198349381017882,29.24,727
前鎮,summer,21,14.23585164835165,27.46000000000001,728
前鎮,summer,22,13.7327868852459,26.9,732
前鎮,summer,23,14.041289437585734,27.04000000000001,729
前鎮,winter,0,15.772791023842917,28.54000000000002,713
前鎮,winter,1,15.800421348314606,27.29,712
前鎮,winter,2,15.965966386554623,27.6,714
前鎮,winter,3,16.449083215796897,29.3,709
前鎮,winter,4,16.185774647887325,28.41,710
前鎮,winter,5,14.754623044096729,26.3,703
前鎮,winter,6,11.696774193548386,22.7,713
前鎮,winter,7,10.349721448467967,19.630000000000006,718
前鎮,winter,8,14.741340782122904,24.75,716
前鎮,winter,9,23.234317862165963,38.0,711
前鎮,winter,10,32.22050919377652,49.31999999999999,707
前鎮,winter,11,40.29971346704871,58.16000000000001,698
前鎮,winter,12,48.81754636233951,66.7,701
前鎮,winter,13,53.47396280400573,72.04,699
前鎮,winter,14,53.45942857142857,70.53,700
前鎮,winter,15,50.93323741007194,67.62,695
前鎮,winter,16,46.48369408369408,63.580000000000005,693
前鎮,winter,17,39.18424068767908,57.460000000000015,698
前鎮,winter,18,32.88635724331927,51.8,711
前鎮,winter,19,28.444725738396624,45.7,711
前鎮,winter,20,24.041036414565827,39.540000000000006,714
前鎮,winter,21,19.733706293706295,32.96,715
前鎮,winter,22,16.946272855133614,29.3,711
前鎮,winter,23,15.918067226890756,27.9,714
大寮,autumn,0,19.516988950276243,32.17000000000001,724
大寮,autumn,1,17.66085753803596,28.78000000000001,723
大寮,autumn,2,16.20539419087137,27.4,723
大寮,autumn,3,14.829526462395544,26.3,718
大寮,autumn,4,13.399442119944212,24.179999999999996,717
大寮,autumn,5,10.993333333333334,20.720000000000006,705
大寮,autumn,6,9.375761772853187,18.36999999999999,722
大寮,autumn,7,13.023342541436463,22.270000000000003,724
大寮,autumn,8,23.020833333333332,36.2,720
大寮,autumn,9,36.940555555555555,54.0,720
大寮,autumn,10,49.11198288159772,68.7,701
大寮,autumn,11,57.33659942363112,80.04,694
大寮,autumn,12,62.65384615384615,88.19,702
大寮,autumn,13,62.56167146974064,87.67,694
大寮,autumn,14,58.586781609195405,82.65,696
大寮,autumn,15,53.595915492957744,77.23,710
大寮,autumn,16,48.361357340720225,69.88,722
大寮,autumn,17,43.3004160887656,64.3,721
大寮,autumn,18,38.73836565096953,57.959999999999994,722
大寮,autumn,19,35.05858725761773,54.08,722
大寮,autumn,20,31.211404728789987,49.84,719
大寮,autumn,21,27.869027777777777,44.71000000000001,720
大寮,autumn,22,24.848122392211405,40.8,719
大寮,autumn,23,22.108448753462604,35.69,722
大寮,spring,0,21.41855388813097,37.480000000000004,733
大寮,spring,1,19.402455661664394,34.14000000000002,733
大寮,spring,2,17.60752393980848,30.6,731
大寮,spring,3,15.976164383561644,29.220000000000002,730
大寮,spring,4,14.649726027397259,28.110000000000003,730
大寮,spring,5,12.569368131868131,24.9,728
大寮,spring,6,11.867574931880108,22.710000000000015,734
大寮,spring,7,16.331020408163266,27.660000000000004,735
大寮,spring,8,25.503830369357043,42.1,731
大寮,spring,9,35.94226519337017,55.74000000000001,724
大寮,spring,10,44.51032531824611,67.24,707
大寮,spring,11,49.94238975817923,76.3,703
大寮,spring,12,53.114866760168304,81.3,713
大寮,spring,13,52.793830703012915,82.47999999999999,697
大寮,spring,14,50.17027417027417,79.54000000000002,693
大寮,spring,15,46.90785413744741,72.94000000000003,713
大寮,spring,16,43.61075862068965,68.66,725
大寮,spring,17,40.50645604395604,64.73,728
大寮,spring,18,37.0527397260274,59.6,730
大寮,spring,19,34.003945578231296,55.8,735
大寮,spring,20,31.335054347826084,52.45,736
大寮,spring,21,28.49374149659864,48.56,735
大寮,spring,22,25.710626702997274,44.24000000000001,734
大寮,spring,23,23.315552523874487,39.980000000000004,733
大寮,summer,0,12.392994505494507,23.4,728
大寮,summer,1,11.566438356164383,23.110000000000003,730
大寮,summer,2,10.908071135430918,22.9,731
大寮,summer,3,10.014697802197801,22.360000000000014,728
大寮,summer,4,9.183286118980169,20.75,706
大寮,summer,5,8.575284090909092,18.770000000000003,704
大寮,summer,6,9.449313186813187,19.0,728
大寮,summer,7,13.345267489711935,20.820000000000004,729
大寮,summer,8,19.57513812154696,28.770000000000003,724
大寮,summer,9,26.07911479944675,39.980000000000004,723
大寮,summer,10,31.175,50.07000000000001,704
大寮,summer,11,34.12079772079772,57.38999999999999,702
大寮,summer,12,34.79163120567376,62.52,705
大寮,summer,13,32.913428571428575,57.6,700
大寮,summer,14,30.139402560455192,50.68000000000001,703
大寮,summer,15,27.457440890125177,45.540000000000006,719
大寮,summer,16,25.0050894085282,40.14,727
大寮,summer,17,22.834478021978022,37.23000000000001,728
大寮,summer,18,20.766574965612104,33.54,727
大寮,summer,19,18.65432098765432,30.88000000000002,729
大寮,summer,20,17.269188445667126,29.579999999999995,727
大寮,summer,21,15.915564738292012,27.65,726
大寮,summer,22,14.679092159559836,26.139999999999997,727
大寮,summer,23,13.400412087912088,24.6,728
大寮,winter,0,15.605322128851542,26.170000000000005,714
大寮,winter,1,14.972230014025246,25.08000000000001,713
大寮,winter,2,14.16067415730337,24.09,712
大寮,winter,3,13.457708628005658,23.3,707
大寮,winter,4,12.948011363636363,23.070000000000004,704
大寮,winter,5,11.275320970042795,22.1,701
大寮,winter,6,8.98019801980198,18.939999999999998,707
大寮,winter,7,8.271748251748251,17.160000000000004,715
大寮,winter,8,12.67545582047686,22.28000000000001,713
大寮,winter,9,22.315655853314528,36.120000000000005,709
大寮,winter,10,35.03913043478261,53.3,690
大寮,winter,11,45.63976945244957,65.2,694
大寮,winter,12,52.96575931232091,73.9,698
大寮,winter,13,57.59559471365638,79.8,681
大寮,winter,14,57.42046444121915,78.2,689
大寮,winter,15,54.159397417503584,73.97999999999999,697
大寮,winter,16,48.26652542372881,65.92000000000003,708
大寮,winter,17,41.35345557122708,58.42,709
大寮,winter,18,35.512517580872014,52.5,711
大寮,winter,19,30.743539325842697,45.69,712
大寮,winter,20,26.19888111888112,40.3,715
大寮,winter,21,22.30126582278481,35.3,711
大寮,winter,22,19.64177215189873,31.4,711
大寮,winter,23,17.207552447552448,28.4,715
小港,autumn,0,22.805922865013773,40.8,726
小港,autumn,1,21.26477900552486,37.51000000000001,724
小港,autumn,2,19.954419889502763,34.77,724
小港,autumn,3,18.729469273743018,32.15,716
小港,autumn,4,17.29116409537167,30.1,713
小港,autumn,5,14.108531468531469,26.860000000000003,715
小港,autumn,6,11.203576341127922,21.479999999999997,727
小港,autumn,7,13.866850068775792,24.24,727
小港,autumn,8,23.584594222833562,38.279999999999994,727
小港,autumn,9,32.61187845303867,50.470000000000006,724
小港,autumn,10,42.37252124645892,62.55,706
小港,autumn,11,51.46926345609066,74.1,706
小港,autumn,12,57.547994269340975,81.56000000000002,698
小港,autumn,13,56.585795454545455,80.8,704
小港,autumn,14,54.90593220338983,78.66000000000001,708
小港,autumn,15,51.41901408450704,73.32000000000001,710
小港,autumn,16,46.9941340782123,69.19999999999999,716
小港,autumn,17,42.71916083916084,64.4,715
小港,autumn,18,40.001527777777774,61.52,720
小港,autumn,19,36.15504840940525,57.480000000000004,723
小港,autumn,20,32.51305555555556,52.82,720
小港,autumn,21,29.201666666666668,49.830000000000005,720
小港,autumn,22,26.31622746185853,45.7,721
小港,autumn,23,24.18126721763085,43.9,726
小港,spring,0,23.405320600272848,42.980000000000004,733
小港,spring,1,23.276502732240438,41.38999999999999,732
小港,spring,2,22.324829467939974,39.5,733
小港,spring,3,20.949726775956286,36.989999999999995,732
小港,spring,4,19.681980742778542,35.1,727
小港,spring,5,16.77119341563786,32.620000000000005,729
小港,spring,6,14.777792915531334,28.610000000000014,734
小港,spring,7,17.558743169398905,31.9,732
小港,spring,8,24.968500687757906,42.54,727
小港,spring,9,31.050275482093664,52.6,726
小港,spring,10,38.10928270042194,61.5,711
小港,spring,11,44.06661849710982,69.99,692
小港,spring,12,49.194452347083924,77.08,703
小港,spring,13,48.851738525730184,76.12,719
小港,spring,14,47.562290502793296,73.25,716
小港,spring,15,45.65902097902098,72.66,715
小港,spring,16,42.43616133518776,69.04,719
小港,spring,17,38.88116343490305,65.28999999999999,722
小港,spring,18,36.174175824175826,61.3,728
小港,spring,19,32.49015047879617,56.9,731
小港,spring,20,30.337893296853625,54.4,731
小港,spring,21,28.009972677595627,49.989999999999995,732
小港,spring,22,26.272987721691678,48.14000000000002,733
小港,spring,23,24.25757162346521,43.1,733
小港,summer,0,13.98676671214188,25.08000000000001,733
小港,summer,1,13.813287671232878,24.41,730
小港,summer,2,13.559481582537517,24.9,733
小港,summer,3,12.7448087431694,23.79,732
小港,summer,4,12.071369863013699,23.91,730
小港,summer,5,11.126538987688098,22.6,731
小港,summer,6,10.41120218579235,19.2,732
小港,summer,7,12.936475409836065,20.5,732
小港,summer,8,17.78808219178082,29.7,730
小港,summer,9,21.81552197802198,36.9,728
小港,summer,10,25.55676429567643,45.14,717
小港,summer,11,28.30325779036827,52.6,706
小港,summer,12,29.713323983169705,54.94000000000002,713
小港,summer,13,28.385195530726257,49.349999999999994,716
小港,summer,14,26.68129395218003,45.3,711
小港,summer,15,24.43509015256588,42.3,721
小港,summer,16,22.49612724757953,39.7,723
小港,summer,17,20.230567081604427,35.2,723
小港,summer,18,18.285616438356165,33.02,730
小港,summer,19,16.365980795610426,30.24000000000001,729
小港,summer,20,15.590659340659341,29.0,728
小港,summer,21,15.034520547945206,27.610000000000003,730
小港,summer,22,14.157808219178083,27.01,730
小港,summer,23,14.160935350756533,25.7,727
小港,winter,0,14.528551532033426,26.630000000000006,718
小港,winter,1,14.836820083682008,27.439999999999998,717
小港,winter,2,14.841307371349096,28.64000000000001,719
小港,winter,3,14.51744022503516,27.8,711
小港,winter,4,14.010281690140845,27.4,710
小港,winter,5,11.40827489481066,23.960000000000015,713
小港,winter,6,8.375983146067416,20.09,712
小港,winter,7,8.012656467315717,16.1,719
小港,winter,8,13.341422594142259,24.05999999999999,717
小港,winter,9,22.15686274509804,38.77,714
小港,winter,10,31.151063829787233,49.2,705
小港,winter,11,39.022766570605185,56.370000000000005,694
小港,winter,12,48.671633237822356,67.8,698
小港,winter,13,52.599713876967094,72.32000000000001,699
小港,winter,14,52.41264367816092,70.25,696
小港,winter,15,50.013161659513585,67.72000000000001,699
小港,winter,16,45.47428571428571,63.11000000000001,700
小港,winter,17,38.88031161473088,57.75,706
小港,winter,18,33.93188202247191,53.0,712
小港,winter,19,28.852932960893856,47.4,716
小港,winter,20,24.219498607242336,40.13000000000001,718
小港,winter,21,19.900139082058416,33.9,719
小港,winter,22,16.178351955307264,29.55,716
小港,winter,23,14.541759776536312,26.8,716
左營,autumn,0,24.22302357836338,41.5,721
左營,autumn,1,22.479305555555555,38.3,720
左營,autumn,2,20.85611111111111,36.410000000000004,720
左營,autumn,3,19.595944055944056,33.6,715
左營,autumn,4,18.531645569620252,32.4,711
左營,autumn,5,16.073699015471167,29.1,711
左營,autumn,6,14.468975069252078,26.279999999999998,722
左營,autumn,7,18.751040221914007,31.0,721
左營,autumn,8,28.19469273743017,42.85,716
左營,autumn,9,39.36326815642458,58.3,716
左營,autumn,10,50.40375722543353,70.5,692
左營,autumn,11,59.19870689655173,83.15,696
左營,autumn,12,63.625677603423675,90.7,701
左營,autumn,13,63.63219858156028,88.66,705
左營,autumn,14,61.82538787023977,85.34,709
左營,autumn,15,58.853239436619724,82.12,710
左營,autumn,16,54.89633286318759,77.9,709
左營,autumn,17,50.008391608391605,72.08000000000001,715
左營,autumn,18,44.62005571030641,66.7,718
左營,autumn,19,39.82597222222223,60.52,720
左營,autumn,20,35.73143254520167,56.040000000000006,719
左營,autumn,21,31.918435754189943,52.05,716
左營,autumn,22,28.67242339832869,49.4,718
左營,autumn,23,26.375866851595006,44.7,721
左營,spring,0,25.94092769440655,44.64000000000002,733
左營,spring,1,24.360655737704917,41.0,732
左營,spring,2,23.14174624829468,39.4,733
左營,spring,3,21.72275204359673,38.440000000000005,734
左營,spring,4,20.70108991825613,37.1,734
左營,spring,5,18.512841530054644,34.28999999999999,732
左營,spring,6,18.04032697547684,33.8,734
左營,spring,7,22.244429347826088,38.150000000000006,736
左營,spring,8,29.678551912568306,50.4,732
左營,spring,9,37.31057692307692,58.73000000000001,728
左營,spring,10,45.24092219020173,69.47000000000001,694
左營,spring,11,51.74741379310344,79.25,696
左營,spring,12,54.3124824684432,82.38000000000001,713
左營,spring,13,54.8165034965035,81.8,715
左營,spring,14,54.23295932678822,81.08,713
左營,spring,15,52.93680555555556,79.82000000000001,720
左營,spring,16,50.82624309392265,77.7,724
左營,spring,17,47.42365887207703,73.64,727
左營,spring,18,43.45328767123288,69.0,730
左營,spring,19,39.230286493860845,63.38,733
左營,spring,20,35.70463847203274,58.4,733
左營,spring,21,32.37181942544459,53.6,731
左營,spring,22,29.571896316507505,49.240000000000016,733
左營,spring,23,27.405601092896177,45.879999999999995,732
左營,summer,0,15.706420765027323,27.8,732
左營,summer,1,15.16952380952381,26.820000000000004,735
左營,summer,2,14.92343324250681,27.3,734
左營,summer,3,14.24421768707483,26.0,735
左營,summer,4,13.528103683492498,25.680000000000007,733
左營,summer,5,12.395348837209303,24.4,731
左營,summer,6,13.22133152173913,23.75,736
左營,summer,7,17.18625850340136,27.920000000000005,735
左營,summer,8,21.954570259208733,35.580000000000005,733
左營,summer,9,26.6920438957476,42.220000000000006,729
左營,summer,10,30.871205673758865,51.4,705
左營,summer,11,33.1257790368272,58.05,706
左營,summer,12,33.55801952580195,60.0,717
左營,summer,13,32.809142053445846,54.8,711
左營,summer,14,30.729337094499293,51.2,709
左營,summer,15,28.725452016689847,46.76000000000002,719
左營,summer,16,26.58434065934066,43.73000000000001,728
左營,summer,17,24.176438356164383,40.42,730
左營,summer,18,21.55457025920873,37.18000000000001,733
左營,summer,19,19.28133514986376,34.3,734
左營,summer,20,18.03101092896175,31.179999999999996,732
左營,summer,21,17.11068493150685,30.4,730
左營,summer,22,16.143502051983585,29.8,731
左營,summer,23,15.869931972789114,28.580000000000005,735
左營,winter,0,17.375626740947077,27.830000000000005,718
左營,winter,1,16.250557103064068,27.830000000000005,718
左營,winter,2,15.728830083565459,27.9,718
左營,winter,3,15.633898305084745,27.53000000000001,708
左營,winter,4,15.119345661450923,27.58000000000001,703
左營,winter,5,14.093447293447294,26.3,702
左營,winter,6,11.933613445378151,24.1,714
左營,winter,7,11.739748953974894,22.7,717
左營,winter,8,16.74058988764045,27.679999999999996,712
左營,winter,9,24.57461212976023,38.6,709
左營,winter,10,33.72485119047619,51.88999999999999,672
左營,winter,11,43.77900146842878,64.0,681
左營,winter,12,53.32910662824208,75.0,694
左營,winter,13,57.66657101865136,78.34,697
左營,winter,14,58.0687230989957,77.44,697
左營,winter,15,56.558640226628896,75.85,706
左營,winter,16,52.44724964739069,71.96000000000002,709
左營,winter,17,45.65035161744023,66.0,711
左營,winter,18,38.55112044817927,57.370000000000005,714
左營,winter,19,32.54923076923077,48.5,715
左營,winter,20,27.706555090655506,41.7,717
左營,winter,21,24.046722454672246,36.239999999999995,717
左營,winter,22,20.860335195530727,32.3,716
左營,winter,23,18.883798882681564,30.45,716
復興,autumn,0,24.80939226519337,43.8,724
復興,autumn,1,23.635318559556787,41.78999999999999,722
復興,autumn,2,22.633931034482757,38.02,725
復興,autumn,3,21.63490959666203,36.120000000000005,719
復興,autumn,4,20.403621169916434,34.42000000000002,718
復興,autumn,5,18.02877094972067,30.8,716
復興,autumn,6,15.218948824343014,26.1,723
復興,autumn,7,16.444198895027625,28.1,724
復興,autumn,8,24.566434540389974,38.63000000000001,718
復興,autumn,9,34.270967741935486,50.88,713
復興,autumn,10,44.10356633380884,63.5,701
復興,autumn,11,52.340643274853804,73.41000000000001,684
復興,autumn,12,56.78629148629149,79.38000000000001,693
復興,autumn,13,57.01241084165478,80.7,701
復興,autumn,14,55.32796005706134,77.8,701
復興,autumn,15,52.47623066104079,74.7,711
復興,autumn,16,48.8253164556962,69.4,711
復興,autumn,17,44.354674220963176,64.19999999999999,706
復興,autumn,18,40.01187150837989,60.2,716
復興,autumn,19,36.181589958158995,56.239999999999995,717
復興,autumn,20,33.19693165969317,53.739999999999995,717
復興,autumn,21,29.426286509040334,50.24000000000001,719
復興,autumn,22,27.307093184979138,47.8,719
復興,autumn,23,25.776592797783934,45.18,722
復興,spring,0,24.987039563437925,44.64000000000002,733
復興,spring,1,24.474965800273598,44.9,731
復興,spring,2,23.671798365122616,42.41000000000002,734
復興,spring,3,22.762534059945505,40.8,734
復興,spring,4,22.099726775956285,39.5,732
復興,spring,5,20.33707250341997,38.1,731
復興,spring,6,18.101494565217394,33.05,736
復興,spring,7,19.246467391304346,34.75,736
復興,spring,8,25.58606557377049,43.88999999999999,732
復興,spring,9,32.46224350205198,52.1,731
復興,spring,10,39.61400282885431,61.44,707
復興,spring,11,45.356891495601175,71.19,682
復興,spring,12,49.21241084165478,75.3,701
復興,spring,13,49.69631728045326,74.95,706
復興,spring,14,48.768220338983056,73.89000000000001,708
復興,spring,15,46.8123595505618,71.58999999999999,712
復興,spring,16,44.119166666666665,68.81,720
復興,spring,17,40.60829875518672,64.94000000000003,723
復興,spring,18,36.91870701513068,61.1,727
復興,spring,19,33.83689986282579,57.360000000000014,729
復興,spring,20,31.435342465753422,54.0,730
復興,spring,21,28.14595336076818,49.42,729
復興,spring,22,26.502739726027396,47.0,730
復興,spring,23,25.644945355191254,46.08,732
復興,summer,0,15.679781420765028,26.779999999999998,732
復興,summer,1,15.381173260572988,27.08000000000001,733
復興,summer,2,15.010792349726776,26.7,732
復興,summer,3,14.603673469387756,26.8,735
復興,summer,4,14.052789115646258,25.96,735
復興,summer,5,13.19658469945355,23.94999999999999,732
復興,summer,6,12.749795918367347,22.7,735
復興,summer,7,14.404761904761905,23.26,735
復興,summer,8,18.225991792065663,29.1,731
復興,summer,9,22.31354309165527,36.3,731
復興,summer,10,26.67566807313643,45.7,711
復興,summer,11,29.49884892086331,53.56,695
復興,summer,12,30.569527896995705,54.08000000000002,699
復興,summer,13,29.65819209039548,51.3,708
復興,summer,14,27.965682137834033,47.9,711
復興,summer,15,25.65,42.8,710
復興,summer,16,23.454545454545453,40.28000000000001,715
復興,summer,17,21.06648275862069,35.92,725
復興,summer,18,18.416323731138547,33.0,729
復興,summer,19,16.978983516483517,31.1,728
復興,summer,20,16.653038674033148,30.640000000000008,724
復興,summer,21,15.641931034482758,28.660000000000004,725
復興,summer,22,15.283150684931508,27.660000000000014,730
復興,summer,23,15.507377049180327,27.889999999999997,732
復興,winter,0,15.657142857142858,27.8,714
復興,winter,1,15.657342657342657,27.360000000000003,715
復興,winter,2,15.861871508379888,27.7,716
復興,winter,3,16.162025316455697,28.2,711
復興,winter,4,15.944507042253521,28.0,710
復興,winter,5,14.49675141242938,25.430000000000007,708
復興,winter,6,11.496363636363636,21.7,715
復興,winter,7,9.508460471567268,18.6,721
復興,winter,8,12.881145251396648,22.8,716
復興,winter,9,20.619607843137253,34.88000000000002,714
復興,winter,10,29.881507823613088,45.78000000000001,703
復興,winter,11,38.222401171303076,54.6,683
復興,winter,12,46.8992795389049,64.1,694
復興,winter,13,51.94582132564842,70.07000000000001,694
復興,winter,14,52.390201729106636,70.61000000000001,694
復興,winter,15,50.32410841654779,67.0,701
復興,winter,16,46.10014084507042,62.6,710
復興,winter,17,39.26166902404526,57.54,707
復興,winter,18,32.250350631136044,51.18000000000001,713
復興,winter,19,27.17335203366059,44.860000000000014,713
復興,winter,20,23.14783821478382,37.779999999999994,717
復興,winter,21,18.97632311977716,31.780000000000044,718
復興,winter,22,16.480613668061366,28.5,717
復興,winter,23,15.752587412587413,27.8,715
林園,autumn,0,26.678382147838217,46.9,717
林園,autumn,1,23.16694560669456,40.5,717
林園,autumn,2,20.600279329608938,35.0,716
林園,autumn,3,18.88281690140845,31.610000000000003,710
林園,autumn,4,17.365487977369163,29.519999999999992,707
林園,autumn,5,15.511078717201167,26.85,686
林園,autumn,6,14.994305555555554,25.8,720
林園,autumn,7,18.553259361997224,28.5,721
林園,autumn,8,28.620336605890603,41.9,713
林園,autumn,9,42.38076379066478,60.14,707
林園,autumn,10,54.0758064516129,75.5,682
林園,autumn,11,63.06666666666667,89.9,666
林園,autumn,12,67.23883211678832,95.88000000000002,685
林園,autumn,13,67.0850144092219,94.7,694
林園,autumn,14,64.2356936416185,91.12999999999998,692
林園,autumn,15,60.89886201991465,85.94000000000003,703
林園,autumn,16,57.26008462623413,81.22000000000001,709
林園,autumn,17,53.86278089887641,77.05999999999999,712
林園,autumn,18,50.07723463687151,72.55,716
林園,autumn,19,45.64930555555556,68.3,720
林園,autumn,20,41.6593837535014,64.37,714
林園,autumn,21,37.78840782122905,61.2,716
林園,autumn,22,34.04741258741259,57.160000000000004,715
林園,autumn,23,29.9836820083682,51.839999999999996,717
林園,spring,0,27.980544217687076,46.82000000000001,735
林園,spring,1,25.231198910081744,42.4,734
林園,spring,2,22.674114441416894,38.17000000000001,734
林園,spring,3,20.543460490463215,35.67000000000001,734
林園,spring,4,18.961035422343326,34.14000000000001,734
林園,spring,5,17.482554945054943,31.690000000000023,728
林園,spring,6,17.35353260869565,30.8,736
林園,spring,7,21.93795918367347,35.46,735
林園,spring,8,30.514383561643836,46.42,730
林園,spring,9,40.22971114167813,61.04,727
林園,spring,10,48.71454802259887,74.83000000000001,708
林園,spring,11,54.179797979797975,82.9,693
林園,spring,12,56.87296137339055,86.64,699
林園,spring,13,56.86442857142857,85.82000000000001,700
林園,spring,14,54.88482269503547,82.52000000000001,705
林園,spring,15,52.56370056497175,79.73,708
林園,spring,16,50.26606648199446,76.99,722
林園,spring,17,47.19821182943603,73.44,727
林園,spring,18,43.96302864938609,70.08,733
林園,spring,19,40.902194787379976,65.76000000000002,729
林園,spring,20,38.58651226158038,62.970000000000006,734
林園,spring,21,36.03474114441417,59.14000000000001,734
林園,spring,22,33.506147540983605,56.38999999999999,732
林園,spring,23,30.666621253405992,53.1,734
林園,summer,0,18.072954230235784,29.7,721
林園,summer,1,16.792926490984744,28.3,721
林園,summer,2,15.614226519337018,27.670000000000005,724
林園,summer,3,14.316459197786997,26.860000000000014,723
林園,summer,4,13.475732217573222,26.819999999999993,717
林園,summer,5,13.412889518413598,27.25,706
林園,summer,6,14.08595041322314,26.85,726
林園,summer,7,17.97707182320442,28.0,724
林園,summer,8,23.82871148459384,34.2,714
林園,summer,9,29.801823281907435,43.860000000000014,713
林園,summer,10,34.66878612716763,56.38999999999999,692
林園,summer,11,36.5057268722467,63.8,681
林園,summer,12,35.846569343065696,61.540000000000006,685
林園,summer,13,34.532323232323236,59.74000000000005,693
林園,summer,14,32.45580029368576,52.5,681
林園,summer,15,30.860173160173158,48.1,693
林園,summer,16,29.112305516265913,44.81999999999999,707
林園,summer,17,27.97359550561798,43.1,712
林園,summer,18,26.587343532684283,40.720000000000006,719
林園,summer,19,25.217036011080335,38.669999999999995,722
林園,summer,20,24.005955678670357,36.38999999999999,722
林園,summer,21,22.6828729281768,34.67000000000001,724
林園,summer,22,21.112083333333334,33.73000000000001,720
林園,summer,23,19.479916897506925,30.889999999999997,722
林園,winter,0,16.64965034965035,29.76,715
林園,winter,1,15.487096774193548,26.78000000000001,713
林園,winter,2,14.63375350140056,25.6,714
林園,winter,3,13.985169491525424,24.930000000000007,708
林園,winter,4,13.555524079320115,24.75,706
林園,winter,5,12.972017045454544,23.070000000000004,704
林園,winter,6,11.596787709497205,21.2,716
林園,winter,7,12.551253481894149,21.330000000000005,718
林園,winter,8,17.80532959326788,27.58000000000001,713
林園,winter,9,28.21638418079096,43.66000000000001,708
林園,winter,10,39.63766233766234,59.38,693
林園,winter,11,48.6467958271237,70.7,671
林園,winter,12,56.55065502183407,78.8,687
林園,winter,13,61.532467532467535,84.96000000000001,693
林園,winter,14,61.723252496433666,84.1,701
林園,winter,15,59.15282485875706,79.66000000000001,708
林園,winter,16,54.6468619246862,75.58,717
林園,winter,17,49.09943977591036,70.7,714
林園,winter,18,42.96206415620642,66.24,717
林園,winter,19,37.315202231520225,60.2,717
林園,winter,20,31.384357541899444,52.9,716
林園,winter,21,26.108089260808924,45.8,717
林園,winter,22,22.13389121338912,38.6,717
林園,winter,23,18.948739495798318,33.040000000000006,714
楠梓,autumn,0,20.240611961057024,34.120000000000005,719
楠梓,autumn,1,19.05202231520223,31.5,717
楠梓,autumn,2,17.75263888888889,30.720000000000002,720
楠梓,autumn,3,16.54796633941094,28.880000000000006,713
楠梓,autumn,4,14.68661971830986,25.91,710
楠梓,autumn,5,11.60965909090909,21.410000000000014,704
楠梓,autumn,6,9.778541374474054,19.0,713
楠梓,autumn,7,13.482614742698193,23.2,719
楠梓,autumn,8,24.441759776536312,38.9,716
楠梓,autumn,9,37.73491620111732,56.7,716
楠梓,autumn,10,49.989001447178005,72.0,691
楠梓,autumn,11,58.89016152716593,82.1,681
楠梓,autumn,12,63.08721264367816,87.95,696
楠梓,autumn,13,62.332107496463934,86.5,707
楠梓,autumn,14,59.770343839541546,82.23,698
楠梓,autumn,15,56.82787356321839,78.1,696
楠梓,autumn,16,52.1756062767475,73.0,701
楠梓,autumn,17,46.27821782178218,66.17999999999999,707
楠梓,autumn,18,41.13099579242637,61.3,713
楠梓,autumn,19,37.127208976157085,57.26000000000001,713
楠梓,autumn,20,32.54452247191011,51.989999999999995,712
楠梓,autumn,21,28.621438645980252,45.34,709
楠梓,autumn,22,25.074330042313118,40.9,709
楠梓,autumn,23,22.10613668061367,36.339999999999996,717
楠梓,spring,0,22.48712328767123,37.910000000000004,730
楠梓,spring,1,21.171643835616436,36.8,730
楠梓,spring,2,19.977229080932783,34.620000000000005,729
楠梓,spring,3,18.424726775956284,32.779999999999994,732
楠梓,spring,4,16.966438356164385,31.13000000000001,730
楠梓,spring,5,13.717099863201096,27.4,731
楠梓,spring,6,12.918878248974009,26.3,731
楠梓,spring,7,17.3178231292517,31.520000000000003,735
楠梓,spring,8,27.09549180327869,46.28999999999999,732
楠梓,spring,9,36.846776406035666,57.860000000000014,729
楠梓,spring,10,45.62296918767507,69.84000000000002,714
楠梓,spring,11,51.91125356125356,78.25999999999999,702
楠梓,spring,12,54.17362482369534,81.6,709
楠梓,spring,13,53.18100558659218,78.9,716
楠梓,spring,14,51.628973277074536,77.0,711
楠梓,spring,15,49.85371669004207,74.86000000000001,713
楠梓,spring,16,47.16597510373444,71.82000000000004,723
楠梓,spring,17,43.49369863013699,67.01,730
楠梓,spring,18,39.596438356164384,62.410000000000004,730
楠梓,spring,19,36.34328767123287,58.120000000000005,730
楠梓,spring,20,32.94379263301501,54.28000000000001,733
楠梓,spring,21,29.401222826086954,49.7,736
楠梓,spring,22,26.485538881309687,44.28000000000001,733
楠梓,spring,23,24.48379120879121,41.5,728
楠梓,summer,0,12.981693989071038,24.1,732
楠梓,summer,1,12.47683923705722,23.4,734
楠梓,summer,2,11.838555858310627,23.170000000000005,734
楠梓,summer,3,11.330054644808744,22.09,732
楠梓,summer,4,10.450889192886457,21.3,731
楠梓,summer,5,9.034562841530056,20.189999999999998,732
楠梓,summer,6,9.900820793433653,20.3,731
楠梓,summer,7,14.168809849521203,23.1,731
楠梓,summer,8,20.87893296853625,32.7,731
楠梓,summer,9,27.541103448275862,42.82000000000001,725
楠梓,summer,10,32.71584158415841,52.54,707
楠梓,summer,11,35.59825834542816,59.1,689
楠梓,summer,12,35.45726375176305,61.2,709
楠梓,summer,13,33.927336122733614,56.83999999999999,717
楠梓,summer,14,31.580878186968835,52.65,706
楠梓,summer,15,29.056320224719098,48.48,712
楠梓,summer,16,26.233931034482758,43.06,725
楠梓,summer,17,23.355418381344304,39.720000000000006,729
楠梓,summer,18,20.86547455295736,35.739999999999995,727
楠梓,summer,19,18.67770177838577,31.6,731
楠梓,summer,20,17.062362637362636,29.630000000000006,728
楠梓,summer,21,15.474104683195593,27.1,726
楠梓,summer,22,14.42344827586207,26.7,725
楠梓,summer,23,13.738598901098902,25.3,728
楠梓,winter,0,16.511944444444445,27.7,720
楠梓,winter,1,15.606527777777778,26.7,720
楠梓,winter,2,15.098326359832637,26.579999999999995,717
楠梓,winter,3,14.361603375527427,26.1,711
楠梓,winter,4,13.501692524682653,25.2,709
楠梓,winter,5,11.731428571428571,23.21,700
楠梓,winter,6,9.621408045977011,21.15,696
楠梓,winter,7,9.304329608938547,19.9,716
楠梓,winter,8,13.617385257301807,23.4,719
楠梓,winter,9,21.452027972027974,34.40000000000001,715
楠梓,winter,10,32.05416078984486,49.9,709
楠梓,winter,11,42.926,61.52,700
楠梓,winter,12,51.89147727272727,72.58000000000001,704
楠梓,winter,13,56.30400572246066,76.52000000000001,699
楠梓,winter,14,56.74322396576319,75.8,701
楠梓,winter,15,54.59568345323741,71.96000000000001,695
楠梓,winter,16,49.69264497878359,66.53999999999999,707
楠梓,winter,17,42.39355742296919,59.3,714
楠梓,winter,18,35.72282913165266,50.8,714
楠梓,winter,19,30.839275766016712,44.830000000000005,718
楠梓,winter,20,26.21891515994437,39.120000000000005,719
楠梓,winter,21,22.499442896935932,34.56000000000002,718
楠梓,winter,22,19.90348189415042,31.520000000000028,718
楠梓,winter,23,17.899584487534625,28.99,722
橋頭,autumn,0,19.60181058495822,32.13000000000001,718
橋頭,autumn,1,18.16138888888889,30.03000000000001,720
橋頭,autumn,2,16.883888888888887,28.2,720
橋頭,autumn,3,15.744677871148461,26.9,714
橋頭,autumn,4,14.272370266479664,24.9,713
橋頭,autumn,5,12.282443820224719,22.09,712
橋頭,autumn,6,10.36593103448276,19.820000000000004,725
橋頭,autumn,7,13.9060773480663,22.9,724
橋頭,autumn,8,24.71367403314917,38.77,724
橋頭,autumn,9,37.85847222222222,56.4,720
橋頭,autumn,10,49.857325746799425,70.86000000000001,703
橋頭,autumn,11,58.31722141823444,81.4,691
橋頭,autumn,12,62.269985569985565,86.34000000000002,693
橋頭,autumn,13,61.48668555240793,84.35,706
橋頭,autumn,14,59.486103151862466,80.93,698
橋頭,autumn,15,56.52214285714286,77.72000000000001,700
橋頭,autumn,16,53.045621468926555,74.36000000000001,708
橋頭,autumn,17,47.504366197183096,69.01,710
橋頭,autumn,18,41.806872370266476,62.88,713
橋頭,autumn,19,36.977468706536854,57.3,719
橋頭,autumn,20,32.33933054393305,50.85999999999999,717
橋頭,autumn,21,28.12837273991655,45.34,719
橋頭,autumn,22,24.654242002781643,40.0,719
橋頭,autumn,23,21.8201668984701,35.7,719
橋頭,spring,0,21.68027397260274,37.21000000000001,730
橋頭,spring,1,20.297264021887823,34.8,731
橋頭,spring,2,19.028474114441416,33.58000000000002,734
橋頭,spring,3,17.92377049180328,31.58,732
橋頭,spring,4,16.70998632010944,30.8,731
橋頭,spring,5,14.864187327823691,28.65,726
橋頭,spring,6,13.656480218281038,25.2,733
橋頭,spring,7,18.148707482993196,31.96,735
橋頭,spring,8,27.225238744884035,45.580000000000005,733
橋頭,spring,9,36.524623803009575,57.2,731
橋頭,spring,10,45.32762430939226,69.32000000000004,724
橋頭,spring,11,51.181571428571424,76.3,700
橋頭,spring,12,53.449367088607595,78.4,711
橋頭,spring,13,52.92774647887324,77.32000000000001,710
橋頭,spring,14,51.58254189944134,76.05,716
橋頭,spring,15,50.31866295264624,74.16000000000001,718
橋頭,spring,16,47.967083333333335,71.71000000000001,720
橋頭,spring,17,44.38066298342541,67.54,724
橋頭,spring,18,40.18830811554333,61.839999999999996,727
橋頭,spring,19,36.175961538461536,57.2,728
橋頭,spring,20,32.86857923497268,52.379999999999995,732
橋頭,spring,21,29.38174386920981,47.370000000000005,734
橋頭,spring,22,26.315458276333786,43.1,731
橋頭,spring,23,24.025170998632014,41.2,731
橋頭,summer,0,13.58025850340136,25.160000000000004,735
橋頭,summer,1,12.804402173913045,23.9,736
橋頭,summer,2,12.248029891304347,23.3,736
橋頭,summer,3,11.774320652173913,22.9,736
橋頭,summer,4,11.080789115646258,22.9,735
橋頭,summer,5,11.089481582537518,24.5,733
橋頭,summer,6,11.09110054347826,22.15,736
橋頭,summer,7,15.185591836734694,24.690000000000005,735
橋頭,summer,8,21.991301369863013,32.61000000000001,730
橋頭,summer,9,28.028071625344353,42.1,726
橋頭,summer,10,32.98493036211699,51.960000000000015,718
橋頭,summer,11,35.242124645892346,59.2,706
橋頭,summer,12,35.51226703755216,59.72000000000003,719
橋頭,summer,13,34.08156643356644,55.7,715
橋頭,summer,14,32.04720445062587,50.92,719
橋頭,summer,15,30.182391608391608,48.6,715
橋頭,summer,16,27.91131837307153,43.66600000000001,713
橋頭,summer,17,25.49571627260083,40.16000000000002,719
橋頭,summer,18,23.026836313617604,36.94,727
橋頭,summer,19,20.661687242798354,33.2,729
橋頭,summer,20,18.57017783857729,30.9,731
橋頭,summer,21,17.118989071038254,28.189999999999998,732
橋頭,summer,22,15.426024590163935,26.59,732
橋頭,summer,23,14.482707482993199,26.860000000000003,735
橋頭,winter,0,16.431293463143255,27.220000000000002,719
橋頭,winter,1,15.523055555555556,27.0,720
橋頭,winter,2,14.759666203059806,25.820000000000004,719
橋頭,winter,3,14.195352112676057,25.63000000000001,710
橋頭,winter,4,13.423055162659123,25.439999999999998,707
橋頭,winter,5,11.694159544159543,23.59,702
橋頭,winter,6,9.913247863247864,22.2,702
橋頭,winter,7,9.872701949860724,20.160000000000014,718
橋頭,winter,8,13.841701534170154,22.9,717
橋頭,winter,9,21.55832167832168,34.96,715
橋頭,winter,10,31.364529914529918,48.089999999999996,702
橋頭,winter,11,41.79956458635704,60.24000000000001,689
橋頭,winter,12,50.46585365853658,71.1,697
橋頭,winter,13,54.35997150997151,73.89,702
橋頭,winter,14,54.38392603129446,72.46000000000001,703
橋頭,winter,15,52.607549857549856,68.5,702
橋頭,winter,16,48.435150645624105,65.6,697
橋頭,winter,17,41.10748587570621,58.460000000000015,708
橋頭,winter,18,34.37842031029619,49.620000000000005,709
橋頭,winter,19,29.234642356241235,41.88,713
橋頭,winter,20,25.157162921348316,37.1,712
橋頭,winter,21,21.810224089635856,32.540000000000006,714
橋頭,winter,22,19.439410939691445,30.4,713
橋頭,winter,23,17.700139664804468,28.4,716
美濃,autumn,0,21.059059474412173,32.28000000000001,723
美濃,autumn,1,19.109128630705392,30.2,723
美濃,autumn,2,17.24896265560166,27.180000000000007,723
美濃,autumn,3,15.80807799442897,25.7,718
美濃,autumn,4,14.419635343618515,23.7,713
美濃,autumn,5,13.282162921348315,22.09,712
美濃,autumn,6,11.132088520055325,19.08000000000001,723
美濃,autumn,7,14.835595567867035,23.389999999999997,722
美濃,autumn,8,24.31027777777778,36.11000000000001,720
美濃,autumn,9,35.58372739916551,50.8,719
美濃,autumn,10,43.969816643159376,59.3,709
美濃,autumn,11,48.878571428571426,65.61,700
美濃,autumn,12,53.08573466476462,70.7,701
美濃,autumn,13,58.797004279600564,78.0,701
美濃,autumn,14,62.99115549215407,86.4,701
美濃,autumn,15,61.936609686609685,83.78999999999999,702
美濃,autumn,16,57.46290550070521,79.52000000000001,709
美濃,autumn,17,51.17114845938375,70.24000000000001,714
美濃,autumn,18,45.188300835654594,62.360000000000014,718
美濃,autumn,19,39.5813110181311,56.14,717
美濃,autumn,20,34.30682451253482,50.0,718
美濃,autumn,21,29.779999999999998,43.8,720
美濃,autumn,22,26.344583333333333,39.2,720
美濃,autumn,23,23.54487534626039,35.78999999999999,722
美濃,spring,0,22.17554347826087,37.3,736
美濃,spring,1,20.242255434782606,34.1,736
美濃,spring,2,18.732065217391302,32.9,736
美濃,spring,3,16.963673469387754,29.560000000000002,735
美濃,spring,4,15.565075034106412,26.9,733
美濃,spring,5,14.596969696969696,25.9,726
美濃,spring,6,13.448497267759562,22.9,732
美濃,spring,7,18.316803278688525,30.44999999999999,732
美濃,spring,8,27.846712328767122,44.410000000000004,730
美濃,spring,9,37.80840220385675,57.2,726
美濃,spring,10,45.19193324061196,63.8,719
美濃,spring,11,50.61884669479606,70.1,711
美濃,spring,12,56.14132581100141,77.82000000000001,709
美濃,spring,13,60.946694796061884,85.6,711
美濃,spring,14,61.03881019830028,86.80000000000001,706
美濃,spring,15,58.07648725212464,83.25,706
美濃,spring,16,53.74929577464789,77.62,710
美濃,spring,17,48.62298050139276,71.73,718
美濃,spring,18,43.49766162310866,65.24,727
美濃,spring,19,38.83406593406593,60.2,728
美濃,spring,20,34.32694938440493,54.7,731
美濃,spring,21,30.15443383356071,48.4,733
美濃,spring,22,26.839455782312925,44.0,735
美濃,spring,23,24.294959128065393,41.1,734
美濃,summer,0,12.547599451303157,20.64000000000001,729
美濃,summer,1,11.692739726027398,19.430000000000007,730
美濃,summer,2,11.247123287671233,20.8,730
美濃,summer,3,10.56323731138546,20.2,729
美濃,summer,4,10.016323731138545,19.8,729
美濃,summer,5,10.979448275862069,20.3,725
美濃,summer,6,10.306010928961749,18.59,732
美濃,summer,7,14.28743169398907,21.0,732
美濃,summer,8,20.753030303030304,29.35,726
美濃,summer,9,26.848484848484848,36.45,726
美濃,summer,10,31.654735376044567,43.5,718
美濃,summer,11,35.25500705218618,48.440000000000005,709
美濃,summer,12,38.15951704545454,54.51000000000001,704
美濃,summer,13,40.70481586402266,59.5,706
美濃,summer,14,40.36218487394958,60.17000000000001,714
美濃,summer,15,37.82731092436975,55.77,714
美濃,summer,16,34.12346368715084,51.05,716
美濃,summer,17,30.406545961002788,44.13000000000001,718
美濃,summer,18,26.234525447042643,39.2,727
美濃,summer,19,22.412242090784044,34.58,727
美濃,summer,20,19.285342465753423,30.310000000000002,730
美濃,summer,21,16.824554183813444,26.7,729
美濃,summer,22,15.019890260631001,24.74000000000001,729
美濃,summer,23,13.598767123287672,22.110000000000003,730
美濃,winter,0,19.118585298196948,30.5,721
美濃,winter,1,16.746731571627258,27.6,719
美濃,winter,2,14.871111111111112,25.0,720
美濃,winter,3,13.38153846153846,22.360000000000003,715
美濃,winter,4,12.180252100840336,20.2,714
美濃,winter,5,10.6393006993007,19.060000000000002,715
美濃,winter,6,8.742382271468143,16.689999999999998,722
美濃,winter,7,9.160694444444443,16.01,720
美濃,winter,8,15.035972222222222,23.51,720
美濃,winter,9,24.917802503477052,38.4,719
美濃,winter,10,35.717323943661974,52.61000000000001,710
美濃,winter,11,42.82190611664296,58.68000000000001,703
美濃,winter,12,47.966857962697276,62.44,697
美濃,winter,13,52.644017094017094,69.1,702
美濃,winter,14,56.57463976945245,75.7,694
美濃,winter,15,57.945624103299856,78.84,697
美濃,winter,16,54.91212553495007,74.4,701
美濃,winter,17,48.79477401129943,67.5,708
美濃,winter,18,42.550557103064065,60.03000000000001,718
美濃,winter,19,36.525208913649024,52.0,718
美濃,winter,20,30.961474269819192,44.66000000000002,719
美濃,winter,21,26.94125,39.5,720
美濃,winter,22,24.115159944367175,36.24000000000001,719
美濃,winter,23,21.437586685159502,33.0,721
鳳山,autumn,0,22.14066390041494,37.68000000000001,723
鳳山,autumn,1,20.621517241379312,34.46,725
鳳山,autumn,2,19.53365517241379,33.660000000000004,725
鳳山,autumn,3,18.513592233009707,32.2,721
鳳山,autumn,4,17.503347280334726,30.679999999999996,717
鳳山,autumn,5,15.362885154061626,28.2,714
鳳山,autumn,6,13.511845730027549,24.7,726
鳳山,autumn,7,15.387500000000001,25.930000000000007,728
鳳山,autumn,8,24.43232044198895,37.74000000000001,724
鳳山,autumn,9,36.35631067961165,53.0,721
鳳山,autumn,10,46.81994261119082,68.44,697
鳳山,autumn,11,55.477266187050354,80.26000000000002,695
鳳山,autumn,12,59.782461103253176,84.94,707
鳳山,autumn,13,59.60271041369472,84.9,701
鳳山,autumn,14,56.17028571428571,80.41000000000001,700
鳳山,autumn,15,51.27072135785007,73.84,707
鳳山,autumn,16,45.344647887323944,66.81,710
鳳山,autumn,17,39.521787709497204,60.0,716
鳳山,autumn,18,35.87972222222223,54.13000000000001,720
鳳山,autumn,19,32.93138888888889,52.61000000000001,720
鳳山,autumn,20,30.84224376731302,48.779999999999994,722
鳳山,autumn,21,27.90457063711911,46.18,722
鳳山,autumn,22,25.37085635359116,43.34000000000001,724
鳳山,autumn,23,23.68478561549101,41.480000000000004,723
鳳山,spring,0,23.931967213114756,41.78999999999999,732
鳳山,spring,1,23.018417462482947,40.26000000000001,733
鳳山,spring,2,22.003950953678473,39.07000000000001,734
鳳山,spring,3,20.8734693877551,37.56,735
鳳山,spring,4,19.910748299319728,36.96,735
鳳山,spring,5,17.93646258503401,34.7,735
鳳山,spring,6,16.929931972789117,32.56,735
鳳山,spring,7,19.53760217983651,35.07000000000001,734
鳳山,spring,8,26.89084699453552,45.379999999999995,732
鳳山,spring,9,35.12458791208791,55.76000000000001,728
鳳山,spring,10,42.49618644067797,66.9,708
鳳山,spring,11,47.71590909090909,73.94000000000001,704
鳳山,spring,12,50.94378531073446,80.23,708
鳳山,spring,13,50.75476529160739,78.48,703
鳳山,spring,14,48.12457865168539,73.39,712
鳳山,spring,15,45.20710306406686,69.72000000000003,718
鳳山,spring,16,41.309444444444445,65.41000000000001,720
鳳山,spring,17,36.55206043956044,60.76000000000001,728
鳳山,spring,18,33.38068493150685,56.31,730
鳳山,spring,19,31.04856753069577,52.980000000000004,733
鳳山,spring,20,29.393197278911565,50.660000000000004,735
鳳山,spring,21,27.541496598639455,48.8,735
鳳山,spring,22,25.571292517006803,45.620000000000005,735
鳳山,spring,23,24.333652530779755,43.5,731
鳳山,summer,0,15.435197817189632,25.64000000000002,733
鳳山,summer,1,14.977384196185286,26.170000000000005,734
鳳山,summer,2,14.36825613079019,25.0,734
鳳山,summer,3,13.525885558583106,24.970000000000002,734
鳳山,summer,4,13.029291553133515,24.340000000000007,734
鳳山,summer,5,12.000681198910081,22.670000000000005,734
鳳山,summer,6,12.205177111716623,22.0,734
鳳山,summer,7,14.950953678474114,23.070000000000004,734
鳳山,summer,8,20.375342465753423,31.1,730
鳳山,summer,9,25.978404401650618,40.4,727
鳳山,summer,10,30.219318181818185,51.01000000000001,704
鳳山,summer,11,32.71776504297994,58.7,698
鳳山,summer,12,33.01051893408135,60.24000000000005,713
鳳山,summer,13,31.67205673758865,55.02,705
鳳山,summer,14,29.187904360056258,49.3,711
鳳山,summer,15,26.309583333333336,44.02,720
鳳山,summer,16,23.396657381615597,38.9,718
鳳山,summer,17,20.792699724517906,34.45,726
鳳山,summer,18,18.57028885832187,32.0,727
鳳山,summer,19,17.238251366120217,29.86999999999999,732
鳳山,summer,20,16.876744186046512,29.6,731
鳳山,summer,21,16.331463748290012,28.7,731
鳳山,summer,22,15.968528610354223,27.340000000000007,734
鳳山,summer,23,15.924489795918367,26.9,735
鳳山,winter,0,14.489466292134832,26.59,712
鳳山,winter,1,13.991573033707866,27.8,712
鳳山,winter,2,13.700562587904361,27.3,711
鳳山,winter,3,13.38465909090909,27.870000000000005,704
鳳山,winter,4,13.0974175035868,26.9,697
鳳山,winter,5,11.660199714693295,24.9,701
鳳山,winter,6,9.532097004279601,21.4,701
鳳山,winter,7,8.656223776223776,19.4,715
鳳山,winter,8,12.65814606741573,24.0,712
鳳山,winter,9,20.65940594059406,37.2,707
鳳山,winter,10,30.542690058479533,50.110000000000014,684
鳳山,winter,11,39.39219440353461,59.6,679
鳳山,winter,12,47.67107558139534,69.46000000000002,688
鳳山,winter,13,52.73784570596798,76.1,687
鳳山,winter,14,52.425947521865886,72.45,686
鳳山,winter,15,48.60173913043478,67.4,690
鳳山,winter,16,41.695689655172416,59.25,696
鳳山,winter,17,33.69843971631206,51.6,705
鳳山,winter,18,28.203960396039605,44.919999999999995,707
鳳山,winter,19,24.853239436619717,39.910000000000004,710
鳳山,winter,20,21.65772471910112,36.19,712
鳳山,winter,21,18.303646563814866,32.2,713
鳳山,winter,22,16.145926966292134,28.79,712
鳳山,winter,23,15.110814606741572,27.189999999999998,712
