site,year,season,n_days,mean_mda8,p90_mda8
仁武,2018,autumn,91,61.38409863945578,81.78571428571429
仁武,2018,spring,92,53.96037784679089,78.21160714285713
仁武,2018,summer,91,37.30194924123495,54.725
仁武,2018,winter,90,49.91291005291006,67.9275
仁武,2019,autumn,73,63.37691617742988,81.07750000000001
仁武,2019,spring,92,52.14871247412008,75.13875000000002
仁武,2019,summer,92,32.65661878881988,55.7325
仁武,2019,winter,90,51.36597883597884,65.60910714285714
仁武,2020,autumn,91,63.60401622187337,78.45
仁武,2020,spring,92,53.367954192546584,77.155
仁武,2020,summer,92,33.03304865424431,52.288750000000014
仁武,2020,winter,91,51.6021781789639,68.575
仁武,2021,autumn,91,51.99809000523286,71.95
仁武,2021,spring,92,51.53988742236025,73.56375
仁武,2021,summer,92,33.75653467908903,46.6375
仁武,2021,winter,90,52.17768518518518,70.565
仁武,2022,autumn,91,56.259903192046046,69.7375
仁武,2022,spring,92,44.84140786749483,64.48375
仁武,2022,summer,92,28.82241200828157,47.223928571428566
仁武,2022,winter,90,42.2358664021164,55.300000000000004
仁武,2023,autumn,91,55.75521978021976,71.39999999999998
仁武,2023,spring,92,56.381838768115934,71.11125
仁武,2023,summer,92,32.440476190476176,47.77874999999999
仁武,2023,winter,90,45.55421296296295,59.304464285714275
仁武,2024,autumn,91,49.49787414965986,67.12499999999999
仁武,2024,spring,92,52.51758540372669,72.84624999999998
仁武,2024,summer,92,34.19288949275361,51.08749999999999
仁武,2024,winter,91,49.9604068550497,64.77499999999998
仁武,2025,autumn,91,48.94419152276296,65.725
仁武,2025,spring,92,49.50489130434782,71.2025
仁武,2025,summer,92,34.81075310559006,54.69000000000001
仁武,2025,winter,90,47.98967592592592,59.89875000000001
前金,2018,autumn,91,63.4973704866562,81.77499999999999
前金,2018,spring,92,54.75852743271221,80.0475
前金,2018,summer,92,35.02733566252588,52.9325
前金,2018,winter,90,51.3247156084656,68.27
前金,2019,autumn,91,62.520905285190985,81.51249999999999
前金,2019,spring,92,55.12410714285713,79.21875
前金,2019,summer,92,30.980046583850914,53.008749999999985
前金,2019,winter,90,54.564947089947076,72.48374999999999
前金,2020,autumn,91,65.6151687598116,80.44999999999999
前金,2020,spring,92,55.234329710144905,79.80749999999999
前金,2020,summer,92,31.810442546583836,51.93785714285713
前金,2020,winter,91,53.71363160648874,70.71249999999999
前金,2021,autumn,91,55.033379120879104,77.08749999999999
前金,2021,spring,92,52.14237189440992,74.30499999999999
前金,2021,summer,92,32.49313535196686,44.63714285714284
前金,2021,winter,90,55.31880952380951,71.97250000000001
前金,2022,autumn,91,61.25009811616953,73.21249999999999
前金,2022,spring,87,51.780829228243014,75.24785714285714
前金,2022,summer,92,29.571525621118,48.51696428571428
前金,2022,winter,90,47.37573412698411,60.94374999999999
前金,2023,autumn,91,55.95141941391941,73.25
前金,2023,spring,92,58.68508022774326,74.22625
前金,2023,summer,92,31.02588638716356,47.77178571428571
前金,2023,winter,90,49.70287037037037,64.4225
前金,2024,autumn,91,47.03958006279434,61.2375
前金,2024,spring,92,53.05461309523809,77.37660714285715
前金,2024,summer,92,32.454613095238095,50.29857142857143
前金,2024,winter,91,51.21296441653585,64.88571428571427
前金,2025,autumn,91,50.57032312925168,65.96249999999999
前金,2025,spring,92,48.89457815734989,72.08125
前金,2025,summer,92,34.87181677018632,54.63624999999999
前金,2025,winter,90,48.324398148148134,61.2575
前鎮,2018,autumn,91,56.13657116692831,73.47500000000001
前鎮,2018,spring,92,43.909290890269155,65.50125
前鎮,2018,summer,91,30.92817242281528,46.5625
前鎮,2018,winter,90,44.66846560846561,60.879999999999995
前鎮,2019,autumn,91,61.57793694400838,78.95
前鎮,2019,spring,92,47.379211956521736,67.81375000000001
前鎮,2019,summer,92,26.737480590062116,47.657500000000006
前鎮,2019,winter,90,47.49107804232804,61.115833333333356
前鎮,2020,autumn,91,58.523462846677134,72.1375
前鎮,2020,spring,92,49.21785067287784,70.53249999999998
前鎮,2020,summer,92,27.07306547619047,45.42875
前鎮,2020,winter,91,48.50366954474097,63.63749999999999
前鎮,2021,autumn,91,50.44778911564625,69.375
前鎮,2021,spring,92,46.50955615942029,67.125
前鎮,2021,summer,92,26.97217908902691,37.23124999999999
前鎮,2021,winter,90,49.108154761904764,65.25125
前鎮,2022,autumn,91,55.27683804290946,68.76249999999999
前鎮,2022,spring,92,48.08070005175983,69.8925
前鎮,2022,summer,92,25.286930641821936,45.04517857142857
前鎮,2022,winter,90,43.58623015873015,55.22624999999999
前鎮,2023,autumn,91,51.733431449502866,69.04285714285713
前鎮,2023,spring,92,52.963425207039336,67.43249999999999
前鎮,2023,summer,92,28.47291666666666,44.34625
前鎮,2023,winter,90,45.20993386243386,59.4375
前鎮,2024,autumn,91,47.19128074306645,66.125
前鎮,2024,spring,92,49.15432194616977,72.64880952380952
前鎮,2024,summer,92,29.556133540372663,47.61000000000001
前鎮,2024,winter,91,48.39063971742542,61.14999999999999
前鎮,2025,autumn,91,47.85376766091052,63.2
前鎮,2025,spring,92,47.47157738095238,69.30375000000001
前鎮,2025,summer,92,33.180480072463766,52.355000000000004
前鎮,2025,winter,90,47.34820767195767,60.462500000000006
大寮,2018,autumn,91,59.37969649398221,80.22500000000001
大寮,2018,spring,92,49.603325569358184,75.54250000000002
大寮,2018,summer,92,34.535397256728785,52.720000000000006
大寮,2018,winter,90,50.162076719576724,69.79041666666667
大寮,2019,autumn,91,63.7437074829932,83.6375
大寮,2019,spring,92,49.2939182194617,70.20125
大寮,2019,summer,92,30.958197463768116,47.608928571428585
大寮,2019,winter,90,50.48068783068783,66.115
大寮,2020,autumn,91,61.34196755625327,77.41250000000001
大寮,2020,spring,92,50.91831651138717,71.69041666666668
大寮,2020,summer,92,33.009769668737064,50.17500000000001
大寮,2020,winter,91,51.55220434327577,67.275
大寮,2021,autumn,91,51.203891941391944,67.4375
大寮,2021,spring,92,49.639460403726716,75.23625000000003
大寮,2021,summer,92,29.96960403726709,40.908750000000005
大寮,2021,winter,90,53.58470238095239,68.86250000000001
大寮,2022,autumn,91,55.98279042386185,70.9875
大寮,2022,spring,92,47.29754140786749,68.36500000000001
大寮,2022,summer,92,29.12082686335404,44.67750000000001
大寮,2022,winter,86,45.670736434108534,61.96875000000001
大寮,2023,autumn,91,51.15007195185767,67.9625
大寮,2023,spring,92,54.57311076604555,70.2644642857143
大寮,2023,summer,91,30.132182103610674,46.837500000000006
大寮,2023,winter,90,48.75273148148148,64.43125
大寮,2024,autumn,91,48.71204212454213,67.10000000000001
大寮,2024,spring,92,48.76096014492754,68.92
大寮,2024,summer,92,30.981017080745346,49.96291666666667
大寮,2024,winter,91,51.16859628466772,65.25
大寮,2025,autumn,91,49.23436682365254,68.3
大寮,2025,spring,92,47.54512810559007,70.48125
大寮,2025,summer,92,32.753234989648035,52.7275
大寮,2025,winter,90,48.749662698412706,61.238749999999996
小港,2018,autumn,91,55.10290423861853,74.28333333333333
小港,2018,spring,92,47.66468038302277,72.73375
小港,2018,summer,92,30.365191511387163,47.446250000000006
小港,2018,winter,90,44.68128306878307,62.746785714285714
小港,2019,autumn,91,60.94020146520147,79.48750000000001
小港,2019,spring,92,45.78084886128365,65.98750000000001
小港,2019,summer,92,26.73352096273292,44.77625000000001
小港,2019,winter,90,46.22922619047619,59.919821428571446
小港,2020,autumn,91,58.25934720041863,74.00000000000001
小港,2020,spring,92,50.8705745341615,73.67375000000001
小港,2020,summer,92,26.71413043478261,44.58500000000001
小港,2020,winter,91,48.12086603872318,63.1125
小港,2021,autumn,91,48.96796180010466,65.65
小港,2021,spring,92,45.064013975155284,67.72732142857144
小港,2021,summer,92,26.585300207039346,39.935
小港,2021,winter,90,48.981541005291014,64.37875
小港,2022,autumn,91,54.91327838827839,69.0625
小港,2022,spring,92,43.53824404761905,65.50375
小港,2022,summer,92,24.64958592132505,42.285000000000004
小港,2022,winter,90,42.24244047619048,54.105000000000004
小港,2023,autumn,91,49.88777472527472,67.7875
小港,2023,spring,92,51.485668995859214,68.77875
小港,2023,summer,92,27.259737318840575,41.98375000000001
小港,2023,winter,90,44.28664682539682,58.542500000000004
小港,2024,autumn,91,45.248495552066984,62.125
小港,2024,spring,92,46.69208721532091,67.7025
小港,2024,summer,92,27.966867236024843,46.478750000000026
小港,2024,winter,91,47.83226059654631,63.2125
小港,2025,autumn,91,45.31710491889063,60.21249999999999
小港,2025,spring,92,45.1221920289855,69.17375
小港,2025,summer,92,31.02686335403726,49.745
小港,2025,winter,90,46.6049537037037,58.86749999999999
左營,2018,autumn,91,64.15194270015698,84.7
左營,2018,spring,92,55.722321428571426,80.3725
左營,2018,summer,92,34.52854554865424,52.36125
左營,2018,winter,90,51.849933862433865,72.17625
左營,2019,autumn,91,70.49127420198849,89.39999999999999
左營,2019,spring,92,55.79754787784679,77.82625
左營,2019,summer,92,32.438179347826086,51.33976190476189
左營,2019,winter,89,54.277942750133754,73.26
左營,2020,autumn,91,64.8649594453166,79.6375
左營,2020,spring,92,55.11865295031056,80.105
左營,2020,summer,92,31.864356884057973,51.88125
左營,2020,winter,91,52.56962977498692,69.7625
左營,2021,autumn,91,54.45833333333334,75.68750000000001
左營,2021,spring,92,52.372858436853015,76.23000000000002
左營,2021,summer,92,32.168957039337485,44.210000000000015
左營,2021,winter,90,55.395998677248684,73.59875000000002
左營,2022,autumn,91,61.045238095238105,73.85000000000001
左營,2022,spring,92,51.52494177018634,74.60125000000001
左營,2022,summer,92,29.609899068322992,50.8932142857143
左營,2022,winter,90,47.350529100529116,61.11125000000002
左營,2023,autumn,91,57.055376766091065,75.41250000000001
左營,2023,spring,92,57.74151138716358,72.06125000000002
左營,2023,summer,92,30.73173524844722,46.28375000000002
左營,2023,winter,90,48.854583333333345,66.23535714285715
左營,2024,autumn,91,50.49529696493984,69.83750000000002
左營,2024,spring,92,53.48880046583852,77.62375000000003
左營,2024,summer,92,32.35089932712217,50.387500000000024
左營,2024,winter,91,52.081815803244396,66.97500000000001
左營,2025,autumn,91,49.646395866038745,66.30000000000001
左營,2025,spring,92,50.15047230848863,74.42750000000001
左營,2025,summer,92,33.735934265010364,52.03125000000002
左營,2025,winter,90,50.04878306878309,61.53750000000003
復興,2018,autumn,91,54.95236787022502,72.2125
復興,2018,spring,92,46.72653338509316,70.6725
復興,2018,summer,92,30.96868530020704,46.95678571428572
復興,2018,winter,90,42.863941798941795,58.85625
復興,2019,autumn,91,59.65830716902146,76.72500000000001
復興,2019,spring,92,45.20449016563147,65.72125000000001
復興,2019,summer,92,27.45447075569359,47.095000000000006
復興,2019,winter,90,44.267149470899476,58.503750000000004
復興,2020,autumn,91,58.28653192046049,72.325
復興,2020,spring,92,48.018083592132506,70.01750000000001
復興,2020,summer,92,27.75028467908903,46.83625000000001
復興,2020,winter,91,44.520225013082154,57.2
復興,2021,autumn,91,50.17328623757195,71.3125
復興,2021,spring,92,46.1185947204969,66.40249999999999
復興,2021,summer,92,28.64142727743271,40.011250000000004
復興,2021,winter,90,50.024682539682544,68.05874999999999
復興,2022,autumn,91,56.55019623233909,71.575
復興,2022,spring,92,47.42124741200828,68.67125
復興,2022,summer,92,25.943691770186334,45.33250000000002
復興,2022,winter,90,43.286891534391536,55.71125
復興,2023,autumn,91,51.01390633176347,67.55
復興,2023,spring,92,52.4297619047619,67.4675
復興,2023,summer,92,27.832188146997925,41.97874999999999
復興,2023,winter,90,45.04943783068783,59.75249999999999
復興,2024,autumn,91,45.8263997906855,64.19999999999999
復興,2024,spring,92,49.231088250517594,71.99833333333333
復興,2024,summer,92,28.87229554865424,45.75166666666666
復興,2024,winter,91,47.50287153322867,60.76249999999999
復興,2025,autumn,91,45.92442438513867,61.8625
復興,2025,spring,92,47.55827510351967,70.47625000000001
復興,2025,summer,92,32.02991718426501,50.035000000000004
復興,2025,winter,90,46.825185185185184,60.3475
林園,2018,autumn,91,69.16251962323392,91.07500000000002
林園,2018,spring,92,57.783119824016566,85.06250000000001
林園,2018,summer,92,39.17134446169773,59.95892857142858
林園,2018,winter,90,58.158439153439154,80.52250000000001
林園,2019,autumn,91,72.65624018838305,91.25
林園,2019,spring,92,57.79446816770187,80.33500000000001
林園,2019,summer,86,35.80632613510521,51.525000000000006
林園,2019,winter,90,57.39292989417989,77.58125
林園,2020,autumn,90,68.74602513227514,84.10625
林園,2020,spring,92,55.409297360248445,77.3294642857143
林園,2020,summer,92,34.38147644927536,55.59000000000001
林園,2020,winter,91,55.72852564102564,71.7
林園,2021,autumn,91,57.867183411826275,79.375
林園,2021,spring,92,57.70462603519668,81.39999999999999
林園,2021,summer,92,36.38884575569358,50.82750000000001
林園,2021,winter,90,61.47050264550265,79.22
林園,2022,autumn,91,59.875085034013615,73.41250000000001
林園,2022,spring,92,52.745529244306425,74.79589285714287
林園,2022,summer,92,28.771545031055908,43.58041666666668
林園,2022,winter,90,49.33992063492064,70.05000000000001
林園,2023,autumn,91,60.07775379382523,82.04285714285716
林園,2023,spring,92,57.44585921325052,73.20875
林園,2023,summer,92,32.24551630434784,47.103750000000005
林園,2023,winter,90,52.660859788359794,68.12875000000001
林園,2024,autumn,90,54.436785714285726,75.56375000000001
林園,2024,spring,92,54.39049560041409,75.65375000000002
林園,2024,summer,92,34.42601578674949,52.32875
林園,2024,winter,91,56.02777995813711,73.57500000000002
林園,2025,autumn,91,54.96380167451597,72.9875
林園,2025,spring,92,49.952245082815736,73.25750000000002
林園,2025,summer,92,36.63154761904763,57.017500000000005
林園,2025,winter,90,52.39203042328043,68.04375
楠梓,2018,autumn,91,61.78171768707483,81.125
楠梓,2018,spring,92,54.28775879917185,79.02625
楠梓,2018,summer,92,36.338535196687374,52.5825
楠梓,2018,winter,90,49.48621693121693,65.98625
楠梓,2019,autumn,91,65.62772762951333,82.775
楠梓,2019,spring,92,50.98981625258799,73.25375
楠梓,2019,summer,92,31.631631728778466,53.477500000000006
楠梓,2019,winter,90,50.49127645502645,64.5025
楠梓,2020,autumn,91,64.64463631606488,79.675
楠梓,2020,spring,92,52.78330745341615,74.86589285714285
楠梓,2020,summer,92,32.86000258799172,53.097500000000004
楠梓,2020,winter,91,52.17979461015175,67.5375
楠梓,2021,autumn,85,51.41985994397759,71.89750000000001
楠梓,2021,spring,92,49.24574275362319,68.87
楠梓,2021,summer,92,31.466032608695652,45.1725
楠梓,2021,winter,90,53.07280423280424,69.22500000000001
楠梓,2022,autumn,91,58.62690345368916,72.46249999999999
楠梓,2022,spring,92,50.973751293995846,72.88
楠梓,2022,summer,92,30.467307194616964,50.473749999999995
楠梓,2022,winter,90,45.062652116402106,58.918749999999996
楠梓,2023,autumn,91,54.75142595499737,72.4125
楠梓,2023,spring,92,56.29412525879916,70.885
楠梓,2023,summer,92,30.994604037267074,46.443749999999994
楠梓,2023,winter,90,47.74254629629628,61.388928571428565
楠梓,2024,autumn,91,49.72732862375719,66.72857142857141
楠梓,2024,spring,92,50.76124482401655,70.97999999999999
楠梓,2024,summer,92,33.21089544513456,50.371249999999996
楠梓,2024,winter,91,50.328538723181566,65.12499999999999
楠梓,2025,autumn,91,49.35460491889062,65.73749999999998
楠梓,2025,spring,92,46.886438923395424,69.05749999999999
楠梓,2025,summer,92,33.986743012422345,51.686249999999994
楠梓,2025,winter,90,48.124933862433856,61.16749999999999
橋頭,2018,autumn,91,58.35430402930402,80.725
橋頭,2018,spring,92,46.24383410973085,67.93625
橋頭,2018,summer,92,33.82344720496894,49.85482142857143
橋頭,2018,winter,90,44.24228174603174,59.54964285714286
橋頭,2019,autumn,91,66.11330455259025,83.33749999999999
橋頭,2019,spring,92,54.4697140269151,78.35374999999999
橋頭,2019,summer,92,34.893491200828144,55.716428571428565
橋頭,2019,winter,90,49.82006613756613,64.815
橋頭,2020,autumn,91,65.05088958660384,80.39999999999998
橋頭,2020,spring,92,52.89687499999998,75.23499999999999
橋頭,2020,summer,92,33.29827963250516,51.685124999999985
橋頭,2020,winter,91,51.27995813710098,66.84999999999998
橋頭,2021,autumn,91,52.08989403453688,73.07499999999999
橋頭,2021,spring,92,49.65627587991717,70.85749999999999
橋頭,2021,summer,92,33.6705357142857,45.99375
橋頭,2021,winter,90,51.33431878306877,68.68249999999999
橋頭,2022,autumn,91,57.6513343799058,70.44999999999997
橋頭,2022,spring,92,50.15189570393373,70.67624999999998
橋頭,2022,summer,92,30.25432841614905,50.351249999999986
橋頭,2022,winter,90,42.175800264550254,56.07749999999998
橋頭,2023,autumn,91,54.5628205128205,70.48749999999998
橋頭,2023,spring,92,55.758178053830214,70.265
橋頭,2023,summer,92,31.85434782608694,48.131249999999994
橋頭,2023,winter,89,46.21433921883359,61.62857142857142
橋頭,2024,autumn,90,48.95611111111109,65.01374999999999
橋頭,2024,spring,92,51.568368271221516,71.71249999999999
橋頭,2024,summer,92,33.12996247412007,50.077499999999986
橋頭,2024,winter,91,49.98030481423337,63.99999999999999
橋頭,2025,autumn,91,50.51923731030873,66.92499999999998
橋頭,2025,spring,92,49.51161361283643,71.32
橋頭,2025,summer,92,36.67126682194616,53.193749999999994
橋頭,2025,winter,90,48.04025793650793,60.14375
美濃,2018,autumn,91,57.732182103610675,75.94999999999999
美濃,2018,spring,92,57.435358436853,75.92750000000001
美濃,2018,summer,92,38.53607013457557,53.65500000000001
美濃,2018,winter,90,49.26276455026455,65.4625
美濃,2019,autumn,91,63.12181449502878,79.17500000000001
美濃,2019,spring,92,47.73303571428571,64.195
美濃,2019,summer,91,34.02482993197279,50.6125
美濃,2019,winter,90,49.53007275132275,63.61160714285716
美濃,2020,autumn,91,59.70117085295656,73.69999999999999
美濃,2020,spring,92,56.46292054865424,77.41125
美濃,2020,summer,92,36.58291278467908,46.46000000000001
美濃,2020,winter,91,52.23075614861329,66.2125
美濃,2021,autumn,91,55.03099816849816,72.27499999999998
美濃,2021,spring,92,56.85062111801241,75.2175
美濃,2021,summer,92,36.81515269151137,48.94999999999999
美濃,2021,winter,90,57.49850529100528,74.78232142857145
美濃,2022,autumn,91,56.33438644688643,68.33749999999998
美濃,2022,spring,92,54.30983436853001,74.76999999999998
美濃,2022,summer,92,37.40053053830226,49.538749999999986
美濃,2022,winter,90,47.072982804232794,59.85875000000001
美濃,2023,autumn,90,56.22247354497353,73.17499999999998
美濃,2023,spring,92,61.76140010351965,77.30446428571426
美濃,2023,summer,92,36.831049430641805,48.774999999999984
美濃,2023,winter,90,51.682493386243365,65.89249999999998
美濃,2024,autumn,91,49.07443092621663,61.67499999999998
美濃,2024,spring,92,57.15409549689439,76.11874999999999
美濃,2024,summer,92,38.599728260869554,51.70910714285713
美濃,2024,winter,91,53.751870748299304,67.65714285714283
美濃,2025,autumn,91,50.83435374149658,67.08749999999998
美濃,2025,spring,92,54.914654503105574,75.73624999999998
美濃,2025,summer,92,37.34679736024843,50.77124999999999
美濃,2025,winter,90,49.733386243386235,62.87624999999999
鳳山,2018,autumn,91,58.803375196232345,77.2875
鳳山,2018,spring,92,45.495348084886125,67.20375000000001
鳳山,2018,summer,92,34.100860507246374,52.275
鳳山,2018,winter,90,43.60672619047619,65.535
鳳山,2019,autumn,91,63.76050497121924,81.85714285714285
鳳山,2019,spring,92,51.13292572463767,73.0475
鳳山,2019,summer,92,31.52401656314699,51.39875
鳳山,2019,winter,90,48.68928571428571,67.08982142857143
鳳山,2020,autumn,91,60.162356096284654,75.87499999999999
鳳山,2020,spring,92,52.39131728778466,76.1575
鳳山,2020,summer,92,31.101190476190453,52.95624999999998
鳳山,2020,winter,88,50.16015963203461,68.89374999999998
鳳山,2021,autumn,91,45.81938121402405,63.13749999999998
鳳山,2021,spring,92,45.48054477225671,66.88624999999998
鳳山,2021,summer,92,29.390612060041395,41.2325
鳳山,2021,winter,90,42.9641931216931,59.43
鳳山,2022,autumn,91,51.90836603872316,65.37499999999999
鳳山,2022,spring,92,43.97052924430639,63.27124999999998
鳳山,2022,summer,91,26.45686159079014,41.88749999999998
鳳山,2022,winter,90,37.01533068783067,49.85124999999998
鳳山,2023,autumn,91,48.6065672422815,66.94999999999997
鳳山,2023,spring,92,49.60089932712213,63.85124999999997
鳳山,2023,summer,92,27.415980848861256,41.90874999999998
鳳山,2023,winter,90,40.445436507936485,54.76875
鳳山,2024,autumn,91,45.60289769754053,60.33749999999998
鳳山,2024,spring,92,46.942889492753594,69.36124999999997
鳳山,2024,summer,92,30.71072075569355,48.99874999999997
鳳山,2024,winter,91,44.30936682365251,57.72499999999997
鳳山,2025,autumn,91,47.44239926739924,64.68749999999997
鳳山,2025,spring,92,46.126015786749456,67.89499999999998
鳳山,2025,summer,92,32.54273421325049,51.528749999999974
鳳山,2025,winter,90,43.227083333333304,54.88749999999997
